Age,TotalAmountSpent,AverageAmountSpent,NumTransactions,number_of_interactions,resolved_interactions,resolution_rate,LoginFrequency,Recency,Gender_F,Gender_M,MaritalStatus_Divorced,MaritalStatus_Married,MaritalStatus_Single,MaritalStatus_Widowed,IncomeLevel_High,IncomeLevel_Low,IncomeLevel_Medium,ServiceUsage_Mobile App,ServiceUsage_Online Banking,ServiceUsage_Website
-0.05576283428954877,1.819259110789674,1.048531518958664,1.1014099888029563,0.6927592896553647,0.24458036018719223,-0.08627870477056564,0.8756317137250668,-0.10211875992282503,0.0,1.0,0.0,0.0,0.0,1.0,1.0,0.0,0.0,0.0,1.0,0.0
-1.65170085143507,-0.8724998323237778,0.8417712791875054,-1.1829959138994712,0.6927592896553647,0.24458036018719223,-0.08627870477056564,-0.26260821126573486,-0.024651263909844866,1.0,0.0,1.0,0.0,0.0,0.0,0.0,0.0,1.0,0.0,0.0,1.0
-1.3857111819108163,1.3130044512165395,0.44188685221793955,1.1014099888029563,-1.4435028370351872,0.24458036018719223,1.3867723522878739,1.5158916715323927,0.7016065112118441,1.0,0.0,0.0,0.0,0.0,1.0,0.0,1.0,0.0,0.0,1.0,0.0
0.4097190873778949,-0.2992340211439445,-1.2481716168341446,0.720675671685885,0.6927592896553647,0.24458036018719223,-0.08627870477056564,0.021951769981965533,-0.7218587280266663,0.0,1.0,0.0,1.0,0.0,0.0,1.0,0.0,0.0,0.0,1.0,0.0
-1.0532240950054994,-1.2534200532386097,1.215150030195983,-1.5637302310165424,-1.4435028370351872,-1.7009452322109286,-1.5593297618290052,0.8756317137250668,1.0308433692670098,0.0,1.0,0.0,0.0,0.0,1.0,0.0,1.0,0.0,0.0,0.0,1.0
-0.9867266776244361,-0.09004569959422104,0.7044846515288116,-0.4215272796653287,0.6927592896553647,0.24458036018719223,-0.08627870477056564,-0.9740081643849858,1.2245121092994602,1.0,0.0,0.0,1.0,0.0,0.0,0.0,0.0,1.0,1.0,0.0,0.0
1.0746932611885287,0.12199416032174473,-0.25264701676082585,0.33994135456881375,0.6927592896553647,2.190105952585313,1.3867723522878739,-0.19146821595380978,-0.4507224919812357,0.0,1.0,0.0,0.0,0.0,1.0,1.0,0.0,0.0,1.0,0.0,0.0
1.4071803480938456,-1.4941218712190034,-1.092312767688775,-1.5637302310165424,0.6927592896553647,0.24458036018719223,-0.08627870477056564,-0.6894481831372855,1.2729292943075727,0.0,1.0,0.0,1.0,0.0,0.0,0.0,0.0,1.0,0.0,0.0,1.0
-1.0532240950054994,-0.8574692936456398,-0.4518760253101092,-0.8022615967823999,0.6927592896553647,0.24458036018719223,-0.08627870477056564,-0.6183081878253603,1.311663042314063,1.0,0.0,0.0,0.0,1.0,0.0,0.0,0.0,1.0,0.0,1.0,0.0
-1.1862189297676262,1.7410150300112823,0.4949904595049059,1.4821443059200274,0.6927592896553647,0.24458036018719223,-0.08627870477056564,0.16423176060581574,-0.22800344094391778,0.0,1.0,0.0,1.0,0.0,0.0,0.0,0.0,1.0,1.0,0.0,0.0
-0.7207370081001826,-1.582732759702707,-2.5625155506966704,-1.1829959138994712,0.6927592896553647,0.24458036018719223,-0.08627870477056564,1.017911704348917,0.7887574442264468,0.0,1.0,0.0,0.0,0.0,1.0,1.0,0.0,0.0,0.0,1.0,0.0
1.0746932611885287,1.119686139920063,0.21023363122790373,1.1014099888029563,0.6927592896553647,-1.7009452322109286,-1.5593297618290052,-1.187428150320761,-0.46040592898285826,1.0,0.0,0.0,0.0,1.0,0.0,1.0,0.0,0.0,1.0,0.0,0.0
0.07723200047257799,-0.6958377030731101,-0.7473557656024271,-0.4215272796653287,-1.4435028370351872,0.24458036018719223,1.3867723522878739,1.5158916715323927,0.12060029111449293,0.0,1.0,0.0,1.0,0.0,0.0,0.0,1.0,0.0,1.0,0.0,0.0
-0.2552550864327389,1.3494748274240427,0.07793943811770379,1.4821443059200274,0.6927592896553647,2.190105952585313,1.3867723522878739,1.3736116809085424,0.662872763205354,0.0,1.0,0.0,0.0,0.0,1.0,0.0,1.0,0.0,1.0,0.0,0.0
-0.3882499211948657,-0.7579852495224323,-0.13397823137359463,-0.8022615967823999,0.6927592896553647,0.24458036018719223,-0.08627870477056564,0.16423176060581574,1.5827992783594933,0.0,1.0,0.0,0.0,1.0,0.0,0.0,0.0,1.0,0.0,0.0,1.0
1.2076880959506555,0.9164540690699206,1.0166874508311166,0.33994135456881375,0.6927592896553647,0.24458036018719223,-0.08627870477056564,-0.12032822064188467,-1.554634310166203,0.0,1.0,0.0,1.0,0.0,0.0,0.0,0.0,1.0,0.0,0.0,1.0
-1.319213764529753,0.5305236685957093,0.4000738822680787,0.33994135456881375,0.6927592896553647,0.24458036018719223,-0.08627870477056564,-1.4719881315684615,0.48857089717614866,0.0,1.0,0.0,1.0,0.0,0.0,0.0,0.0,1.0,1.0,0.0,0.0
1.5401751828559724,-0.9063185443495884,0.6796715066833108,-1.1829959138994712,-1.4435028370351872,0.24458036018719223,1.3867723522878739,0.23537175591774084,-1.612734932175938,0.0,1.0,1.0,0.0,0.0,0.0,0.0,0.0,1.0,1.0,0.0,0.0
1.5401751828559724,0.8446992368165758,-0.11928301624737708,1.1014099888029563,0.6927592896553647,0.24458036018719223,-0.08627870477056564,0.5910717324773663,-0.024651263909844866,0.0,1.0,1.0,0.0,0.0,0.0,0.0,0.0,1.0,0.0,0.0,1.0
-1.2527163471486897,0.8887781569826044,0.37879330685789747,0.720675671685885,0.6927592896553647,0.24458036018719223,-0.08627870477056564,-1.045148159696911,-0.6153409210088185,0.0,1.0,0.0,0.0,1.0,0.0,0.0,0.0,1.0,1.0,0.0,0.0
-1.4522085992918798,-1.1373064769608663,2.3282606823642618,-1.5637302310165424,0.6927592896553647,0.24458036018719223,-0.08627870477056564,0.8044917184131416,0.1496506021193605,1.0,0.0,0.0,1.0,0.0,0.0,1.0,0.0,0.0,0.0,1.0,0.0
-0.787234425481246,1.6764556684017267,0.42622472990304733,1.4821443059200274,0.6927592896553647,-1.7009452322109286,-1.5593297618290052,0.30651175122966595,1.3600802273221755,1.0,0.0,0.0,0.0,0.0,1.0,1.0,0.0,0.0,0.0,0.0,1.0
0.6757087569021484,-1.3641370265335107,0.15377334797585177,-1.5637302310165424,-1.4435028370351872,-1.7009452322109286,-1.5593297618290052,0.8044917184131416,-1.4481165031483552,0.0,1.0,1.0,0.0,0.0,0.0,0.0,1.0,0.0,1.0,0.0,0.0
1.4071803480938456,1.4175519746816732,0.15045215484337823,1.4821443059200274,0.6927592896553647,0.24458036018719223,-0.08627870477056564,-1.2585681456326863,1.0986274282783675,0.0,1.0,1.0,0.0,0.0,0.0,0.0,1.0,0.0,0.0,1.0,0.0
-0.12226025167061215,-1.6948621772350927,-3.01668871156244,-1.5637302310165424,0.6927592896553647,2.190105952585313,1.3867723522878739,-1.756548112816162,-1.7095693021921632,0.0,1.0,0.0,0.0,1.0,0.0,0.0,1.0,0.0,0.0,0.0,1.0
-0.5212447559569925,0.14258120133036462,0.3729465470796312,-0.04079296254825749,-1.4435028370351872,-1.7009452322109286,-1.5593297618290052,-0.6183081878253603,0.662872763205354,0.0,1.0,1.0,0.0,0.0,0.0,1.0,0.0,0.0,1.0,0.0,0.0
1.2741855133317188,-1.0172620417203124,-0.9624881797283634,-0.8022615967823999,0.6927592896553647,2.190105952585313,1.3867723522878739,-0.9740081643849858,-0.3926218699715006,1.0,0.0,1.0,0.0,0.0,0.0,0.0,1.0,0.0,0.0,1.0,0.0
0.7422061742832118,2.23143965416808,1.0173687212172644,1.4821443059200274,-1.4435028370351872,0.24458036018719223,1.3867723522878739,-1.2585681456326863,1.7571011443886988,1.0,0.0,0.0,0.0,1.0,0.0,0.0,0.0,1.0,0.0,1.0,0.0
-0.05576283428954877,-1.226596937672039,-0.8554861497039246,-1.1829959138994712,0.6927592896553647,0.24458036018719223,-0.08627870477056564,1.0890516996608421,-0.08275188591957998,0.0,1.0,0.0,0.0,0.0,1.0,0.0,0.0,1.0,1.0,0.0,0.0
-1.1862189297676262,-1.6573524552679308,-2.6571056858734674,-1.5637302310165424,0.6927592896553647,0.24458036018719223,-0.08627870477056564,-1.6142681221923119,-1.23508088911266,1.0,0.0,0.0,1.0,0.0,0.0,0.0,0.0,1.0,1.0,0.0,0.0
0.7422061742832118,0.3578190481991258,0.12413808617839481,0.33994135456881375,0.6927592896553647,-1.7009452322109286,-1.5593297618290052,1.017911704348917,1.3988139753286655,1.0,0.0,0.0,0.0,1.0,0.0,1.0,0.0,0.0,0.0,1.0,0.0
-0.3217525038138023,-0.6055478714391891,-1.0614256715567703,-0.04079296254825749,0.6927592896553647,0.24458036018719223,-0.08627870477056564,0.16423176060581574,1.6021661523627384,0.0,1.0,0.0,1.0,0.0,0.0,0.0,1.0,0.0,0.0,0.0,1.0
1.3406829307127823,1.1587815304179852,0.2570816151253919,1.1014099888029563,-1.4435028370351872,0.24458036018719223,1.3867723522878739,1.160191694972767,-0.8574268460493816,1.0,0.0,0.0,0.0,1.0,0.0,1.0,0.0,0.0,1.0,0.0,0.0
0.5427139221400217,1.70609034749763,0.45779025779459215,1.4821443059200274,-1.4435028370351872,-1.7009452322109286,-1.5593297618290052,1.5870316668443178,-1.1382465190964346,1.0,0.0,1.0,0.0,0.0,0.0,0.0,1.0,0.0,0.0,1.0,0.0
-1.5187060166729431,1.8270808538783858,1.0579043091930966,1.1014099888029563,0.6927592896553647,0.24458036018719223,-0.08627870477056564,0.7333517231012165,-0.7993262240396465,0.0,1.0,0.0,1.0,0.0,0.0,0.0,1.0,0.0,0.0,1.0,0.0
1.0746932611885287,0.11824985059784696,0.32629655738811636,-0.04079296254825749,0.6927592896553647,0.24458036018719223,-0.08627870477056564,-1.3297081409446114,-1.554634310166203,1.0,0.0,1.0,0.0,0.0,0.0,0.0,1.0,0.0,1.0,0.0,0.0
0.27672425261576816,-0.32272590030135356,-0.5191770235817482,-0.04079296254825749,-1.4435028370351872,-1.7009452322109286,-1.5593297618290052,-1.1162881550088362,-0.6250243580104411,0.0,1.0,0.0,0.0,1.0,0.0,0.0,1.0,0.0,1.0,0.0,0.0
-1.5187060166729431,-0.758598197021718,1.3877243348872097,-1.1829959138994712,0.6927592896553647,0.24458036018719223,-0.08627870477056564,0.23537175591774084,0.7112899482134666,1.0,0.0,1.0,0.0,0.0,0.0,0.0,0.0,1.0,1.0,0.0,0.0
1.4071803480938456,0.2348697748097827,-0.5167244501916138,0.720675671685885,0.6927592896553647,0.24458036018719223,-0.08627870477056564,1.3024716855966174,0.13028372811611544,0.0,1.0,0.0,1.0,0.0,0.0,0.0,0.0,1.0,0.0,1.0,0.0
-1.119721512386563,1.6431966040926553,0.8375559186732113,1.1014099888029563,0.6927592896553647,0.24458036018719223,-0.08627870477056564,1.3736116809085424,1.6408999003692286,1.0,0.0,1.0,0.0,0.0,0.0,0.0,0.0,1.0,0.0,0.0,1.0
0.14372941785364138,-0.7146258764207825,-1.5893420937831944,0.33994135456881375,0.6927592896553647,-1.7009452322109286,-1.5593297618290052,-0.5471681925134353,1.0114764952637647,0.0,1.0,0.0,0.0,1.0,0.0,1.0,0.0,0.0,0.0,0.0,1.0
-1.319213764529753,-0.058692102511190364,-0.01295054727432454,-0.04079296254825749,-1.4435028370351872,0.24458036018719223,1.3867723522878739,1.5158916715323927,-0.1892696929374277,0.0,1.0,0.0,0.0,1.0,0.0,0.0,0.0,1.0,1.0,0.0,0.0
-1.0532240950054994,-0.3535331746132816,0.07301087266791131,-0.4215272796653287,0.6927592896553647,0.24458036018719223,-0.08627870477056564,1.4447516762204675,-0.2376868779455403,0.0,1.0,0.0,1.0,0.0,0.0,0.0,1.0,0.0,0.0,0.0,1.0
1.5401751828559724,-0.47764171827301305,-0.22442751998458307,-0.4215272796653287,0.6927592896553647,2.190105952585313,1.3867723522878739,0.37765174654159106,-0.9929949640720969,1.0,0.0,1.0,0.0,0.0,0.0,1.0,0.0,0.0,0.0,0.0,1.0
-1.3857111819108163,-1.1161597882355074,-0.3261390596665882,-1.1829959138994712,0.6927592896553647,0.24458036018719223,-0.08627870477056564,-0.9740081643849858,1.4181808493319106,0.0,1.0,0.0,0.0,1.0,0.0,1.0,0.0,0.0,0.0,1.0,0.0
-0.7207370081001826,-0.5689042709384095,0.47022344234180075,-0.8022615967823999,0.6927592896553647,0.24458036018719223,-0.08627870477056564,0.8044917184131416,-1.0414121490802095,1.0,0.0,0.0,0.0,0.0,1.0,1.0,0.0,0.0,0.0,1.0,0.0
-1.1862189297676262,-0.8436113501835268,0.980239485172175,-1.1829959138994712,0.6927592896553647,0.24458036018719223,-0.08627870477056564,-1.4719881315684615,0.2077512241290956,0.0,1.0,0.0,0.0,0.0,1.0,1.0,0.0,0.0,0.0,1.0,0.0
0.6092113395210851,0.2921270662104555,0.6596677049700276,-0.04079296254825749,0.6927592896553647,0.24458036018719223,-0.08627870477056564,-1.1162881550088362,-1.5062171251580905,1.0,0.0,1.0,0.0,0.0,0.0,0.0,1.0,0.0,1.0,0.0,0.0
-0.5212447559569925,0.35637995407036804,0.7828584225453189,-0.04079296254825749,-1.4435028370351872,-1.7009452322109286,-1.5593297618290052,0.7333517231012165,0.5854052671923738,1.0,0.0,0.0,0.0,0.0,1.0,1.0,0.0,0.0,0.0,0.0,1.0
0.47621650475895827,-0.30125941288071484,1.3254732533528961,-0.8022615967823999,0.6927592896553647,0.24458036018719223,-0.08627870477056564,0.021951769981965533,1.2341955463010827,1.0,0.0,0.0,0.0,0.0,1.0,0.0,1.0,0.0,1.0,0.0,0.0
0.27672425261576816,-0.9020012619633146,0.7003650946625696,-1.1829959138994712,0.6927592896553647,0.24458036018719223,-0.08627870477056564,0.5199317371654413,-0.5088231139909708,1.0,0.0,1.0,0.0,0.0,0.0,0.0,0.0,1.0,0.0,0.0,1.0
-0.787234425481246,-1.0154898239506382,-0.9568251196435047,-0.8022615967823999,0.6927592896553647,0.24458036018719223,-0.08627870477056564,-0.26260821126573486,0.885591814242672,1.0,0.0,0.0,0.0,0.0,1.0,0.0,1.0,0.0,0.0,1.0,0.0
-1.1862189297676262,0.14699175833609504,0.38140281574769913,-0.04079296254825749,0.6927592896553647,0.24458036018719223,-0.08627870477056564,1.5870316668443178,0.5466715191858837,1.0,0.0,0.0,0.0,0.0,1.0,0.0,0.0,1.0,1.0,0.0,0.0
0.8087035916642752,1.2624362825254634,0.3812910448249706,1.1014099888029563,0.6927592896553647,0.24458036018719223,-0.08627870477056564,-0.5471681925134353,-1.2060305781077922,1.0,0.0,1.0,0.0,0.0,0.0,1.0,0.0,0.0,0.0,0.0,1.0
0.14372941785364138,0.3702245725868442,-0.33135807744619,0.720675671685885,0.6927592896553647,0.24458036018719223,-0.08627870477056564,0.9467717090369918,-0.5475568619974609,1.0,0.0,0.0,0.0,1.0,0.0,1.0,0.0,0.0,1.0,0.0,0.0
-0.3217525038138023,1.3718074363110628,0.10172712910071997,1.4821443059200274,0.6927592896553647,0.24458036018719223,-0.08627870477056564,1.2313316902846922,1.573115841357871,0.0,1.0,0.0,0.0,1.0,0.0,0.0,0.0,1.0,0.0,1.0,0.0
-1.5852034340540067,0.41614233525073036,-0.26847438769616694,0.720675671685885,0.6927592896553647,0.24458036018719223,-0.08627870477056564,0.5199317371654413,0.21743466113071813,0.0,1.0,1.0,0.0,0.0,0.0,0.0,0.0,1.0,0.0,0.0,1.0
-0.8537318428623094,-0.6334369826566915,1.98764677898961,-1.1829959138994712,0.6927592896553647,0.24458036018719223,-0.08627870477056564,-0.04918822532995957,-0.3538881219650105,1.0,0.0,1.0,0.0,0.0,0.0,1.0,0.0,0.0,0.0,0.0,1.0
1.3406829307127823,1.3974313067703361,0.5430555045609827,1.1014099888029563,-1.4435028370351872,-1.7009452322109286,-1.5593297618290052,-0.04918822532995957,0.4595205861712811,1.0,0.0,0.0,1.0,0.0,0.0,1.0,0.0,0.0,0.0,1.0,0.0
0.6092113395210851,0.3798851581734134,0.15939382866157634,0.33994135456881375,-1.4435028370351872,-1.7009452322109286,-1.5593297618290052,0.021951769981965533,1.7474177073870762,0.0,1.0,0.0,0.0,0.0,1.0,0.0,0.0,1.0,1.0,0.0,0.0
-0.05576283428954877,0.9749772303060749,1.968882037791134,-0.04079296254825749,-1.4435028370351872,0.24458036018719223,1.3867723522878739,-1.6854081175042368,-0.16990281893418266,0.0,1.0,0.0,0.0,1.0,0.0,1.0,0.0,0.0,0.0,1.0,0.0
1.2741855133317188,-0.19927027897781768,1.6513759743266547,-0.8022615967823999,-1.4435028370351872,0.24458036018719223,1.3867723522878739,1.5870316668443178,0.7209733852150891,1.0,0.0,0.0,0.0,1.0,0.0,1.0,0.0,0.0,0.0,1.0,0.0
-0.18875766905167554,0.2725260711789475,0.6220871272941143,-0.04079296254825749,-1.4435028370351872,-1.7009452322109286,-1.5593297618290052,-1.3297081409446114,1.6408999003692286,0.0,1.0,0.0,1.0,0.0,0.0,1.0,0.0,0.0,1.0,0.0,0.0
-0.8537318428623094,-1.303321974647853,-2.203251870501205,-0.4215272796653287,0.6927592896553647,0.24458036018719223,-0.08627870477056564,-1.6142681221923119,1.5440655303530033,0.0,1.0,0.0,1.0,0.0,0.0,1.0,0.0,0.0,1.0,0.0,0.0
-1.3857111819108163,-0.07332289282022894,-0.5647114330159443,0.33994135456881375,-1.4435028370351872,0.24458036018719223,1.3867723522878739,1.4447516762204675,0.34331934215181087,0.0,1.0,0.0,1.0,0.0,0.0,0.0,0.0,1.0,0.0,1.0,0.0
1.6066726002370357,0.7709989625002802,-0.20759801247676038,1.1014099888029563,0.6927592896553647,-1.7009452322109286,-1.5593297618290052,0.23537175591774084,-1.6708355541856732,1.0,0.0,0.0,0.0,0.0,1.0,0.0,1.0,0.0,0.0,0.0,1.0
1.0081958438074654,0.7651759612570656,0.2095219469852304,0.720675671685885,0.6927592896553647,0.24458036018719223,-0.08627870477056564,1.3024716855966174,0.2755352831404532,0.0,1.0,0.0,0.0,1.0,0.0,0.0,1.0,0.0,0.0,1.0,0.0
0.3432216699968315,-0.05794590555553819,-0.011519879463412888,-0.04079296254825749,-1.4435028370351872,0.24458036018719223,1.3867723522878739,1.5158916715323927,-0.28610406295365287,1.0,0.0,0.0,0.0,0.0,1.0,0.0,1.0,0.0,0.0,1.0,0.0
-1.0532240950054994,-1.5966706528386398,-2.0753859349009707,-1.5637302310165424,0.6927592896553647,0.24458036018719223,-0.08627870477056564,0.37765174654159106,1.7280508333838311,1.0,0.0,0.0,1.0,0.0,0.0,1.0,0.0,0.0,1.0,0.0,0.0
-1.2527163471486897,1.4340349324342054,0.5869176080941798,1.1014099888029563,-1.4435028370351872,-1.7009452322109286,-1.5593297618290052,0.7333517231012165,-0.3829384329698781,1.0,0.0,1.0,0.0,0.0,0.0,0.0,0.0,1.0,0.0,1.0,0.0
-1.2527163471486897,1.5674309632026802,0.31009651533082905,1.4821443059200274,0.6927592896553647,2.190105952585313,1.3867723522878739,1.5158916715323927,0.2658518461388307,0.0,1.0,0.0,0.0,1.0,0.0,1.0,0.0,0.0,0.0,1.0,0.0
0.3432216699968315,-0.7126404595209221,0.010919463880350835,-0.8022615967823999,-1.4435028370351872,0.24458036018719223,1.3867723522878739,0.5910717324773663,-1.0026784010737193,1.0,0.0,1.0,0.0,0.0,0.0,1.0,0.0,0.0,0.0,0.0,1.0
0.07723200047257799,-1.054811738524384,-0.03208572924526902,-1.1829959138994712,0.6927592896553647,0.24458036018719223,-0.08627870477056564,1.2313316902846922,-0.46040592898285826,0.0,1.0,0.0,0.0,1.0,0.0,0.0,0.0,1.0,0.0,1.0,0.0
0.14372941785364138,-1.1527900637906503,2.179828896982171,-1.5637302310165424,-1.4435028370351872,0.24458036018719223,1.3867723522878739,0.8756317137250668,1.3213464793156853,1.0,0.0,0.0,1.0,0.0,0.0,0.0,1.0,0.0,0.0,1.0,0.0
0.7422061742832118,-0.2283586353026183,1.5584251460165277,-0.8022615967823999,0.6927592896553647,0.24458036018719223,-0.08627870477056564,1.017911704348917,0.07218310610638033,0.0,1.0,0.0,0.0,0.0,1.0,1.0,0.0,0.0,0.0,0.0,1.0
-1.65170085143507,-1.3771688233661517,-2.1125577503451947,-0.8022615967823999,0.6927592896553647,0.24458036018719223,-0.08627870477056564,-0.26260821126573486,1.631216463367606,0.0,1.0,0.0,1.0,0.0,0.0,0.0,1.0,0.0,0.0,1.0,0.0
0.3432216699968315,-1.1747495741998448,-0.6069714866567146,-1.1829959138994712,0.6927592896553647,0.24458036018719223,-0.08627870477056564,0.09309176529389064,-0.5185065509925934,0.0,1.0,0.0,0.0,1.0,0.0,1.0,0.0,0.0,0.0,0.0,1.0
0.8752010090453386,-0.8965113843610161,-0.5766336647735424,-0.8022615967823999,0.6927592896553647,0.24458036018719223,-0.08627870477056564,0.37765174654159106,-0.5088231139909708,0.0,1.0,0.0,1.0,0.0,0.0,1.0,0.0,0.0,0.0,1.0,0.0
0.8752010090453386,0.2248627406366607,-0.0882905361025152,0.33994135456881375,0.6927592896553647,0.24458036018719223,-0.08627870477056564,-0.04918822532995957,-1.5159005621597128,1.0,0.0,0.0,0.0,0.0,1.0,0.0,0.0,1.0,0.0,0.0,1.0
-1.119721512386563,0.47220038154410476,2.0519629613819355,-0.4215272796653287,-1.4435028370351872,-1.7009452322109286,-1.5593297618290052,1.3736116809085424,-1.2447643261142824,0.0,1.0,0.0,1.0,0.0,0.0,0.0,1.0,0.0,1.0,0.0,0.0
-0.3217525038138023,0.1313882469955809,-1.2195116260359062,1.4821443059200274,0.6927592896553647,0.24458036018719223,-0.08627870477056564,-0.4048882018895851,-0.9833115270704743,0.0,1.0,0.0,0.0,0.0,1.0,1.0,0.0,0.0,1.0,0.0,0.0
-0.2552550864327389,0.04297723269642725,0.1819779419623967,-0.04079296254825749,-1.4435028370351872,0.24458036018719223,1.3867723522878739,-0.19146821595380978,0.07218310610638033,0.0,1.0,1.0,0.0,0.0,0.0,1.0,0.0,0.0,0.0,0.0,1.0
0.3432216699968315,1.1201258631260722,0.6956205330447509,0.720675671685885,0.6927592896553647,0.24458036018719223,-0.08627870477056564,1.3736116809085424,-1.3803324441369975,1.0,0.0,1.0,0.0,0.0,0.0,1.0,0.0,0.0,0.0,0.0,1.0
-1.319213764529753,-1.3365410641200144,0.4183191547971167,-1.5637302310165424,0.6927592896553647,0.24458036018719223,-0.08627870477056564,0.4487917418535161,1.3213464793156853,0.0,1.0,1.0,0.0,0.0,0.0,0.0,0.0,1.0,1.0,0.0,0.0
0.6757087569021484,0.17979777449351986,-0.16029230003857842,0.33994135456881375,0.6927592896553647,-1.7009452322109286,-1.5593297618290052,-0.12032822064188467,-1.7386196131970308,0.0,1.0,0.0,0.0,0.0,1.0,0.0,0.0,1.0,1.0,0.0,0.0
1.473677765474909,-0.15170022305498765,0.5567234916830849,-0.4215272796653287,-1.4435028370351872,0.24458036018719223,1.3867723522878739,0.9467717090369918,0.9921096212605197,1.0,0.0,1.0,0.0,0.0,0.0,0.0,0.0,1.0,1.0,0.0,0.0
1.4071803480938456,-0.6237364222332124,0.2950092149042498,-0.8022615967823999,-1.4435028370351872,-1.7009452322109286,-1.5593297618290052,0.5910717324773663,-0.9155274680591167,0.0,1.0,0.0,0.0,0.0,1.0,0.0,1.0,0.0,1.0,0.0,0.0
-1.5187060166729431,0.31200788510033284,0.6977847830750324,-0.04079296254825749,-1.4435028370351872,-1.7009452322109286,-1.5593297618290052,0.23537175591774084,-0.5088231139909708,0.0,1.0,0.0,1.0,0.0,0.0,1.0,0.0,0.0,0.0,1.0,0.0
1.6066726002370357,-0.944321289305306,-0.7294085488673292,-0.8022615967823999,-1.4435028370351872,-1.7009452322109286,-1.5593297618290052,0.23537175591774084,1.1954617982945925,1.0,0.0,0.0,0.0,0.0,1.0,0.0,1.0,0.0,0.0,0.0,1.0
1.7396674349991625,-1.3007369351943436,0.7615516912185264,-1.5637302310165424,0.6927592896553647,0.24458036018719223,-0.08627870477056564,-1.4008481362565366,-0.005284389906599826,1.0,0.0,0.0,1.0,0.0,0.0,0.0,1.0,0.0,0.0,0.0,1.0
0.010734583091514609,-1.5347496304651407,-1.48178653157001,-1.5637302310165424,-1.4435028370351872,-1.7009452322109286,-1.5593297618290052,-0.6894481831372855,-0.5572402989990834,1.0,0.0,0.0,1.0,0.0,0.0,1.0,0.0,0.0,0.0,0.0,1.0
-0.4547473385759291,2.0249429716369596,1.2950023708474288,1.1014099888029563,-1.4435028370351872,-1.7009452322109286,-1.5593297618290052,0.5199317371654413,1.0308433692670098,0.0,1.0,1.0,0.0,0.0,0.0,0.0,1.0,0.0,0.0,1.0,0.0
-0.6542395907191192,0.9005574089254004,-0.05234820080829334,1.1014099888029563,-1.4435028370351872,0.24458036018719223,1.3867723522878739,1.160191694972767,-1.4771668141532228,0.0,1.0,0.0,0.0,0.0,1.0,0.0,0.0,1.0,0.0,0.0,1.0
-1.0532240950054994,0.7162867357162072,0.6968735839335591,0.33994135456881375,-1.4435028370351872,0.24458036018719223,1.3867723522878739,1.3736116809085424,-0.7993262240396465,0.0,1.0,1.0,0.0,0.0,0.0,1.0,0.0,0.0,1.0,0.0,0.0
0.3432216699968315,0.24053287670535772,-0.5089689167778704,0.720675671685885,-1.4435028370351872,-1.7009452322109286,-1.5593297618290052,-0.04918822532995957,-0.6928084170217987,1.0,0.0,0.0,1.0,0.0,0.0,0.0,0.0,1.0,1.0,0.0,0.0
-0.05576283428954877,1.427585658746068,0.5791894471513083,1.1014099888029563,-1.4435028370351872,0.24458036018719223,1.3867723522878739,0.9467717090369918,1.1954617982945925,1.0,0.0,0.0,0.0,1.0,0.0,0.0,1.0,0.0,0.0,0.0,1.0
0.21022683523470476,0.23745481426329232,1.489372005470513,-0.4215272796653287,0.6927592896553647,0.24458036018719223,-0.08627870477056564,0.37765174654159106,0.12060029111449293,0.0,1.0,0.0,1.0,0.0,0.0,1.0,0.0,0.0,1.0,0.0,0.0
0.21022683523470476,-1.1845833840796904,-0.6541068814983596,-1.1829959138994712,0.6927592896553647,0.24458036018719223,-0.08627870477056564,0.9467717090369918,-0.12148563392607006,0.0,1.0,0.0,1.0,0.0,0.0,1.0,0.0,0.0,0.0,0.0,1.0
0.21022683523470476,0.9337231986150153,-0.012605654141337061,1.1014099888029563,0.6927592896553647,-1.7009452322109286,-1.5593297618290052,0.7333517231012165,-1.1866637041045471,0.0,1.0,1.0,0.0,0.0,0.0,0.0,0.0,1.0,0.0,1.0,0.0
-1.319213764529753,-0.9109956002680515,0.6572534530391138,-1.1829959138994712,-1.4435028370351872,-1.7009452322109286,-1.5593297618290052,-0.26260821126573486,-0.9348943420623618,1.0,0.0,0.0,1.0,0.0,0.0,0.0,0.0,1.0,1.0,0.0,0.0
-0.3217525038138023,-0.6369680932504029,-1.4652657247059102,0.33994135456881375,0.6927592896553647,0.24458036018719223,-0.08627870477056564,0.8044917184131416,-1.3415986961305075,0.0,1.0,0.0,0.0,0.0,1.0,0.0,0.0,1.0,0.0,1.0,0.0
1.6731700176180992,-1.6369119886613144,-2.461155291057523,-1.5637302310165424,0.6927592896553647,0.24458036018719223,-0.08627870477056564,0.30651175122966595,-1.0220452750769644,0.0,1.0,0.0,0.0,1.0,0.0,0.0,1.0,0.0,0.0,0.0,1.0
0.14372941785364138,0.594656631944892,-0.41890892553039516,1.1014099888029563,0.6927592896553647,2.190105952585313,1.3867723522878739,-0.9028681690730608,0.9727427472572746,1.0,0.0,0.0,0.0,0.0,1.0,0.0,0.0,1.0,0.0,1.0,0.0
1.6066726002370357,0.2705140043878138,-0.015352025385497995,0.33994135456881375,0.6927592896553647,0.24458036018719223,-0.08627870477056564,-1.5431281268803867,-0.7702759130347789,0.0,1.0,0.0,0.0,0.0,1.0,1.0,0.0,0.0,0.0,0.0,1.0
0.27672425261576816,1.1947588836369325,0.3001932567488477,1.1014099888029563,0.6927592896553647,0.24458036018719223,-0.08627870477056564,1.4447516762204675,-0.3054709369568979,0.0,1.0,0.0,0.0,1.0,0.0,0.0,0.0,1.0,0.0,0.0,1.0
1.3406829307127823,-0.2234017555257858,0.38488368162692527,-0.4215272796653287,-1.4435028370351872,-1.7009452322109286,-1.5593297618290052,0.5910717324773663,1.5634324043562484,1.0,0.0,0.0,0.0,0.0,1.0,0.0,1.0,0.0,0.0,1.0,0.0
-1.3857111819108163,0.5224620764855378,-0.12287109097085328,0.720675671685885,0.6927592896553647,0.24458036018719223,-0.08627870477056564,1.2313316902846922,-1.2157140151094148,0.0,1.0,1.0,0.0,0.0,0.0,1.0,0.0,0.0,0.0,1.0,0.0
-0.2552550864327389,-1.6296498932893415,-2.39153797347298,-1.5637302310165424,0.6927592896553647,-1.7009452322109286,-1.5593297618290052,-1.8276881081280871,-1.3415986961305075,1.0,0.0,0.0,0.0,1.0,0.0,0.0,1.0,0.0,0.0,1.0,0.0
-1.5187060166729431,0.5534026002538325,-0.08049850606094226,0.720675671685885,0.6927592896553647,0.24458036018719223,-0.08627870477056564,1.4447516762204675,-0.5572402989990834,1.0,0.0,1.0,0.0,0.0,0.0,1.0,0.0,0.0,0.0,0.0,1.0
-0.8537318428623094,-1.1897667879323461,1.8253553991893121,-1.5637302310165424,-1.4435028370351872,-1.7009452322109286,-1.5593297618290052,0.30651175122966595,0.004399047095022693,0.0,1.0,0.0,0.0,1.0,0.0,0.0,0.0,1.0,1.0,0.0,0.0
-0.787234425481246,-0.904626276253734,-0.6025645188463169,-0.8022615967823999,-1.4435028370351872,0.24458036018719223,1.3867723522878739,1.017911704348917,-1.0607790230834544,1.0,0.0,0.0,1.0,0.0,0.0,0.0,1.0,0.0,1.0,0.0,0.0
0.07723200047257799,1.0313950501316387,-0.26086484079374117,1.4821443059200274,-1.4435028370351872,-1.7009452322109286,-1.5593297618290052,-0.9028681690730608,-0.9252109050607392,0.0,1.0,0.0,0.0,0.0,1.0,0.0,1.0,0.0,1.0,0.0,0.0
-1.1862189297676262,1.0387104452861584,-0.25307281075216825,1.4821443059200274,0.6927592896553647,0.24458036018719223,-0.08627870477056564,-1.4719881315684615,-0.1892696929374277,1.0,0.0,0.0,0.0,1.0,0.0,1.0,0.0,0.0,0.0,1.0,0.0
1.6731700176180992,-1.124181405508769,-0.3645882570848409,-1.1829959138994712,0.6927592896553647,2.190105952585313,1.3867723522878739,1.0890516996608421,-1.6417852431808058,1.0,0.0,1.0,0.0,0.0,0.0,0.0,1.0,0.0,0.0,0.0,1.0
-0.7207370081001826,0.06477684375798184,1.0755321804346873,-0.4215272796653287,0.6927592896553647,0.24458036018719223,-0.08627870477056564,0.6622117277892915,-0.47008936598448076,0.0,1.0,0.0,0.0,1.0,0.0,1.0,0.0,0.0,0.0,0.0,1.0
1.6731700176180992,-1.2744334925076022,1.013706892891717,-1.5637302310165424,0.6927592896553647,0.24458036018719223,-0.08627870477056564,1.3736116809085424,0.062499669104757814,0.0,1.0,0.0,0.0,0.0,1.0,0.0,0.0,1.0,0.0,0.0,1.0
1.2076880959506555,-0.31317191427987745,1.287407270526852,-0.8022615967823999,0.6927592896553647,0.24458036018719223,-0.08627870477056564,-0.12032822064188467,1.4472311603367782,1.0,0.0,0.0,0.0,1.0,0.0,0.0,0.0,1.0,0.0,0.0,1.0
-0.3217525038138023,-1.305893689155726,-1.2355711560760512,-1.1829959138994712,-1.4435028370351872,0.24458036018719223,1.3867723522878739,-0.4760281972015102,0.1496506021193605,1.0,0.0,1.0,0.0,0.0,0.0,0.0,0.0,1.0,1.0,0.0,0.0
1.3406829307127823,0.23407027807158398,0.5483566397531998,-0.04079296254825749,0.6927592896553647,-1.7009452322109286,-1.5593297618290052,0.5199317371654413,0.5273046451826388,1.0,0.0,0.0,0.0,1.0,0.0,1.0,0.0,0.0,1.0,0.0,0.0
-0.4547473385759291,-0.2742097732383212,-0.42615806823300584,-0.04079296254825749,-1.4435028370351872,0.24458036018719223,1.3867723522878739,-0.9740081643849858,-1.5062171251580905,1.0,0.0,0.0,1.0,0.0,0.0,0.0,1.0,0.0,0.0,1.0,0.0
-1.2527163471486897,-1.5795480976955485,-1.9112423512383312,-1.5637302310165424,0.6927592896553647,0.24458036018719223,-0.08627870477056564,-0.12032822064188467,-1.4093827551418652,0.0,1.0,0.0,0.0,0.0,1.0,1.0,0.0,0.0,1.0,0.0,0.0
1.3406829307127823,-0.2104632333126014,-1.383683595964635,1.1014099888029563,-1.4435028370351872,0.24458036018719223,1.3867723522878739,1.2313316902846922,0.624139015198864,1.0,0.0,1.0,0.0,0.0,0.0,1.0,0.0,0.0,0.0,0.0,1.0
-0.3882499211948657,1.0152185661287492,0.5519515575943941,0.720675671685885,0.6927592896553647,-1.7009452322109286,-1.5593297618290052,-0.6894481831372855,0.7112899482134666,0.0,1.0,0.0,0.0,1.0,0.0,0.0,1.0,0.0,0.0,1.0,0.0
-1.119721512386563,0.6694895266403023,-0.3292367109536073,1.1014099888029563,0.6927592896553647,0.24458036018719223,-0.08627870477056564,-1.5431281268803867,-0.46040592898285826,1.0,0.0,0.0,0.0,0.0,1.0,0.0,1.0,0.0,0.0,1.0,0.0
0.010734583091514609,-0.6266012855450915,0.28585464409037975,-0.8022615967823999,-1.4435028370351872,-1.7009452322109286,-1.5593297618290052,-0.12032822064188467,0.8952752512442945,1.0,0.0,1.0,0.0,0.0,0.0,1.0,0.0,0.0,0.0,0.0,1.0
0.21022683523470476,0.4851522287029261,-0.17396636993198575,0.720675671685885,0.6927592896553647,0.24458036018719223,-0.08627870477056564,-1.045148159696911,-0.8090096610412689,1.0,0.0,0.0,1.0,0.0,0.0,0.0,1.0,0.0,1.0,0.0,0.0
0.4097190873778949,1.5576771029966543,1.2948404170614356,0.720675671685885,0.6927592896553647,0.24458036018719223,-0.08627870477056564,-1.187428150320761,1.0792605542751224,1.0,0.0,0.0,1.0,0.0,0.0,0.0,0.0,1.0,1.0,0.0,0.0
0.6757087569021484,0.5883272827674847,-0.42649338100118833,1.1014099888029563,0.6927592896553647,0.24458036018719223,-0.08627870477056564,-1.5431281268803867,-1.35128213313213,1.0,0.0,0.0,1.0,0.0,0.0,1.0,0.0,0.0,1.0,0.0,0.0
1.0746932611885287,0.8417277739396034,0.8972948156586026,0.33994135456881375,-1.4435028370351872,-1.7009452322109286,-1.5593297618290052,-1.5431281268803867,0.24648497213558568,1.0,0.0,0.0,1.0,0.0,0.0,0.0,0.0,1.0,0.0,0.0,1.0
0.47621650475895827,-0.00012896643812612227,-0.44776711329365154,0.33994135456881375,0.6927592896553647,2.190105952585313,1.3867723522878739,-1.6142681221923119,-1.070462460085077,1.0,0.0,0.0,0.0,0.0,1.0,0.0,0.0,1.0,0.0,1.0,0.0
1.2076880959506555,-0.6444300628069254,0.22888340804871693,-0.8022615967823999,0.6927592896553647,0.24458036018719223,-0.08627870477056564,-0.33374820657765997,-0.7218587280266663,0.0,1.0,0.0,1.0,0.0,0.0,0.0,0.0,1.0,0.0,0.0,1.0
0.8087035916642752,0.2873434107268993,-0.4448625899955631,0.720675671685885,0.6927592896553647,0.24458036018719223,-0.08627870477056564,-1.4719881315684615,0.7984408812280693,1.0,0.0,1.0,0.0,0.0,0.0,0.0,0.0,1.0,0.0,1.0,0.0
-1.2527163471486897,-1.1898733874974394,-1.5140617161137924,-0.8022615967823999,-1.4435028370351872,0.24458036018719223,1.3867723522878739,-1.187428150320761,-0.005284389906599826,1.0,0.0,1.0,0.0,0.0,0.0,0.0,1.0,0.0,1.0,0.0,0.0
0.4097190873778949,-0.9795524455686009,-0.8419884801783585,-0.8022615967823999,0.6927592896553647,0.24458036018719223,-0.08627870477056564,-1.6854081175042368,-1.1479299560980571,0.0,1.0,1.0,0.0,0.0,0.0,0.0,0.0,1.0,1.0,0.0,0.0
-0.18875766905167554,0.1771994100943739,-0.5957031528143932,0.720675671685885,-1.4435028370351872,-1.7009452322109286,-1.5593297618290052,-0.33374820657765997,0.9146421252475395,0.0,1.0,1.0,0.0,0.0,0.0,0.0,1.0,0.0,0.0,0.0,1.0
-1.65170085143507,0.4197667204638984,-0.2635108463113712,0.720675671685885,0.6927592896553647,0.24458036018719223,-0.08627870477056564,-0.9740081643849858,-0.5088231139909708,1.0,0.0,0.0,0.0,1.0,0.0,0.0,0.0,1.0,0.0,0.0,1.0
0.6092113395210851,-1.67162347204478,-2.793913295291901,-1.5637302310165424,0.6927592896553647,0.24458036018719223,-0.08627870477056564,-0.19146821595380978,-1.2834980741207724,0.0,1.0,0.0,1.0,0.0,0.0,1.0,0.0,0.0,1.0,0.0,0.0
-0.5212447559569925,-1.3319039830384611,0.4627720474933025,-1.5637302310165424,0.6927592896553647,0.24458036018719223,-0.08627870477056564,1.017911704348917,-0.7799593500364014,0.0,1.0,1.0,0.0,0.0,0.0,0.0,0.0,1.0,0.0,0.0,1.0
-0.6542395907191192,0.8013798385518359,-0.5058667034123727,1.4821443059200274,0.6927592896553647,0.24458036018719223,-0.08627870477056564,1.2313316902846922,0.8952752512442945,0.0,1.0,0.0,0.0,0.0,1.0,1.0,0.0,0.0,0.0,1.0,0.0
1.2076880959506555,1.5270963527605486,0.26713390160434236,1.4821443059200274,0.6927592896553647,0.24458036018719223,-0.08627870477056564,1.160191694972767,1.7086839593805863,1.0,0.0,0.0,0.0,0.0,1.0,1.0,0.0,0.0,1.0,0.0,0.0
0.8752010090453386,-0.33838271142441395,-1.301785163115505,0.720675671685885,0.6927592896553647,0.24458036018719223,-0.08627870477056564,-0.04918822532995957,-0.9833115270704743,0.0,1.0,1.0,0.0,0.0,0.0,1.0,0.0,0.0,0.0,1.0,0.0
-0.3217525038138023,1.8491069890157639,1.6939492906896267,0.720675671685885,-1.4435028370351872,-1.7009452322109286,-1.5593297618290052,1.160191694972767,0.16901747612260554,0.0,1.0,1.0,0.0,0.0,0.0,0.0,0.0,1.0,1.0,0.0,0.0
1.0081958438074654,0.07823503885099563,-0.3225623901393089,0.33994135456881375,0.6927592896553647,-1.7009452322109286,-1.5593297618290052,1.0890516996608421,-1.2157140151094148,1.0,0.0,1.0,0.0,0.0,0.0,0.0,0.0,1.0,0.0,1.0,0.0
-0.9867266776244361,-1.1194910246446692,2.4990466522918475,-1.5637302310165424,-1.4435028370351872,0.24458036018719223,1.3867723522878739,-1.4719881315684615,1.3310299163173078,0.0,1.0,0.0,0.0,1.0,0.0,0.0,0.0,1.0,0.0,1.0,0.0
-0.18875766905167554,-0.19985657658583023,1.649502480764746,-0.8022615967823999,-1.4435028370351872,-1.7009452322109286,-1.5593297618290052,0.16423176060581574,-0.3538881219650105,0.0,1.0,1.0,0.0,0.0,0.0,1.0,0.0,0.0,0.0,0.0,1.0
1.6731700176180992,-0.5546732289984703,0.515698240617209,-0.8022615967823999,0.6927592896553647,0.24458036018719223,-0.08627870477056564,1.3736116809085424,-1.0414121490802095,0.0,1.0,1.0,0.0,0.0,0.0,0.0,0.0,1.0,0.0,0.0,1.0
-0.3217525038138023,0.174734295151594,0.4345930011462375,-0.04079296254825749,0.6927592896553647,0.24458036018719223,-0.08627870477056564,-1.2585681456326863,1.3794471013254206,0.0,1.0,0.0,0.0,0.0,1.0,0.0,0.0,1.0,1.0,0.0,0.0
0.21022683523470476,1.1548373465095376,0.7431573907925186,0.720675671685885,-1.4435028370351872,-1.7009452322109286,-1.5593297618290052,1.160191694972767,-0.4023053069731231,1.0,0.0,0.0,1.0,0.0,0.0,0.0,0.0,1.0,0.0,0.0,1.0
-0.5212447559569925,-0.5819360677710503,-1.0161552543972068,-0.04079296254825749,0.6927592896553647,0.24458036018719223,-0.08627870477056564,1.5870316668443178,0.7597071332215792,1.0,0.0,0.0,1.0,0.0,0.0,0.0,0.0,1.0,1.0,0.0,0.0
-1.1862189297676262,-0.9050260246228335,-0.6038419008203455,-0.8022615967823999,0.6927592896553647,0.24458036018719223,-0.08627870477056564,-1.6854081175042368,0.18838435012585056,1.0,0.0,1.0,0.0,0.0,0.0,0.0,1.0,0.0,0.0,0.0,1.0
0.6092113395210851,1.271030872461101,0.3915899369905744,1.1014099888029563,0.6927592896553647,0.24458036018719223,-0.08627870477056564,0.5910717324773663,1.3213464793156853,0.0,1.0,1.0,0.0,0.0,0.0,0.0,0.0,1.0,0.0,1.0,0.0
-0.3217525038138023,-0.3249111913857635,-0.5233668364565608,-0.04079296254825749,0.6927592896553647,0.24458036018719223,-0.08627870477056564,0.8756317137250668,-0.4507224919812357,0.0,1.0,0.0,0.0,0.0,1.0,0.0,1.0,0.0,0.0,1.0,0.0
0.941698426426402,-0.7196760308170718,1.5742859721940454,-1.1829959138994712,0.6927592896553647,0.24458036018719223,-0.08627870477056564,0.09309176529389064,0.13028372811611544,0.0,1.0,0.0,0.0,0.0,1.0,0.0,1.0,0.0,0.0,1.0,0.0
-0.3217525038138023,-1.6284639731276802,-2.380169273904128,-1.5637302310165424,-1.4435028370351872,-1.7009452322109286,-1.5593297618290052,-1.5431281268803867,1.0986274282783675,1.0,0.0,0.0,0.0,0.0,1.0,0.0,1.0,0.0,1.0,0.0,0.0
-0.8537318428623094,1.2053255655267936,0.8123002522152796,0.720675671685885,0.6927592896553647,0.24458036018719223,-0.08627870477056564,0.6622117277892915,0.33363590515018837,1.0,0.0,0.0,1.0,0.0,0.0,1.0,0.0,0.0,0.0,0.0,1.0
-0.3882499211948657,0.4295605555068339,-0.2500983355840741,0.720675671685885,-1.4435028370351872,0.24458036018719223,1.3867723522878739,0.37765174654159106,1.7086839593805863,0.0,1.0,0.0,0.0,0.0,1.0,0.0,1.0,0.0,0.0,0.0,1.0
-1.4522085992918798,-1.0126516105300325,0.16999609904601118,-1.1829959138994712,-1.4435028370351872,0.24458036018719223,1.3867723522878739,1.2313316902846922,1.14704461328648,1.0,0.0,0.0,0.0,0.0,1.0,1.0,0.0,0.0,0.0,1.0,0.0
0.8752010090453386,1.0622689491717503,0.14143064465180308,1.1014099888029563,0.6927592896553647,-1.7009452322109286,-1.5593297618290052,0.37765174654159106,-0.6347077950120636,1.0,0.0,0.0,0.0,1.0,0.0,0.0,1.0,0.0,0.0,1.0,0.0
-0.4547473385759291,-1.3939982297052371,-0.13248795240389483,-1.5637302310165424,0.6927592896553647,0.24458036018719223,-0.08627870477056564,-0.8317281737611357,-0.17958625593580518,0.0,1.0,0.0,1.0,0.0,0.0,0.0,0.0,1.0,0.0,0.0,1.0
-0.5877421733380558,0.38342959371276164,0.16505688874643515,0.33994135456881375,0.6927592896553647,-1.7009452322109286,-1.5593297618290052,-0.8317281737611357,-0.8090096610412689,1.0,0.0,1.0,0.0,0.0,0.0,1.0,0.0,0.0,0.0,0.0,1.0
0.8752010090453386,-1.5137228662505116,-1.280215656068341,-1.5637302310165424,0.6927592896553647,0.24458036018719223,-0.08627870477056564,1.4447516762204675,0.023765921098267733,0.0,1.0,0.0,1.0,0.0,0.0,0.0,0.0,1.0,0.0,1.0,0.0
-1.5852034340540067,-0.039450881011871816,-1.1787595927811414,1.1014099888029563,0.6927592896553647,0.24458036018719223,-0.08627870477056564,-0.9028681690730608,0.5369880821842613,0.0,1.0,0.0,1.0,0.0,0.0,0.0,1.0,0.0,0.0,0.0,1.0
0.6757087569021484,0.05924699131877315,0.21317160976816837,-0.04079296254825749,0.6927592896553647,0.24458036018719223,-0.08627870477056564,-1.6142681221923119,0.885591814242672,1.0,0.0,1.0,0.0,0.0,0.0,0.0,1.0,0.0,1.0,0.0,0.0
0.8087035916642752,-0.18890347127250626,-0.26260208027841964,-0.04079296254825749,-1.4435028370351872,0.24458036018719223,1.3867723522878739,-1.045148159696911,-0.8864771570542491,0.0,1.0,0.0,0.0,0.0,1.0,0.0,0.0,1.0,1.0,0.0,0.0
-1.119721512386563,0.3309293079043718,-0.38517235518061155,0.720675671685885,-1.4435028370351872,0.24458036018719223,1.3867723522878739,0.4487917418535161,-0.586290610003951,1.0,0.0,0.0,0.0,0.0,1.0,0.0,0.0,1.0,1.0,0.0,0.0
-0.5877421733380558,-0.7756008276540798,-1.9005488392843226,0.720675671685885,0.6927592896553647,0.24458036018719223,-0.08627870477056564,-1.1162881550088362,0.04313279510151277,1.0,0.0,0.0,0.0,0.0,1.0,1.0,0.0,0.0,1.0,0.0,0.0
0.21022683523470476,-0.9157392809146978,-0.6380757377243043,-0.8022615967823999,-1.4435028370351872,-1.7009452322109286,-1.5593297618290052,1.2313316902846922,-0.1505359449309376,1.0,0.0,1.0,0.0,0.0,0.0,1.0,0.0,0.0,0.0,1.0,0.0
-1.65170085143507,-0.34571143152456985,-1.3118217357685846,0.720675671685885,0.6927592896553647,2.190105952585313,1.3867723522878739,-0.7605881784492106,-1.3415986961305075,0.0,1.0,1.0,0.0,0.0,0.0,0.0,1.0,0.0,1.0,0.0,0.0
1.2741855133317188,-0.2516106654385676,-0.38282927167396485,-0.04079296254825749,0.6927592896553647,0.24458036018719223,-0.08627870477056564,-0.04918822532995957,-1.6224183691775607,0.0,1.0,1.0,0.0,0.0,0.0,0.0,0.0,1.0,1.0,0.0,0.0
0.27672425261576816,0.5654750010006347,0.4559167642326835,0.33994135456881375,0.6927592896553647,2.190105952585313,1.3867723522878739,1.017911704348917,0.8468580662361819,0.0,1.0,0.0,1.0,0.0,0.0,0.0,1.0,0.0,0.0,1.0,0.0
0.07723200047257799,0.568033390562871,-0.06046185738261229,0.720675671685885,-1.4435028370351872,0.24458036018719223,1.3867723522878739,-1.4719881315684615,0.4595205861712811,1.0,0.0,0.0,0.0,0.0,1.0,0.0,1.0,0.0,0.0,0.0,1.0
-1.0532240950054994,-0.9273186586729443,-0.6750772355719914,-0.8022615967823999,-1.4435028370351872,-1.7009452322109286,-1.5593297618290052,0.30651175122966595,0.5757218301907514,1.0,0.0,0.0,0.0,0.0,1.0,1.0,0.0,0.0,0.0,0.0,1.0
-0.9867266776244361,-0.1531659670750187,-1.3150243148606127,1.1014099888029563,0.6927592896553647,-1.7009452322109286,-1.5593297618290052,-0.04918822532995957,-0.11180219692444754,1.0,0.0,1.0,0.0,0.0,0.0,0.0,1.0,0.0,0.0,1.0,0.0
1.4071803480938456,-0.1500879046329533,-0.6873613922222305,0.33994135456881375,-1.4435028370351872,0.24458036018719223,1.3867723522878739,0.5199317371654413,-0.4894562399877258,1.0,0.0,1.0,0.0,0.0,0.0,1.0,0.0,0.0,0.0,0.0,1.0
0.6757087569021484,-0.4953905458610271,-1.2390626668050617,0.33994135456881375,-1.4435028370351872,0.24458036018719223,1.3867723522878739,-1.6142681221923119,0.13996716511773796,0.0,1.0,0.0,1.0,0.0,0.0,1.0,0.0,0.0,1.0,0.0,0.0
0.3432216699968315,-1.2211203850153771,1.524787420700448,-1.5637302310165424,0.6927592896553647,0.24458036018719223,-0.08627870477056564,0.4487917418535161,1.7377342703854537,0.0,1.0,1.0,0.0,0.0,0.0,0.0,1.0,0.0,0.0,0.0,1.0
1.7396674349991625,1.3297006080992586,0.056876828679281774,1.4821443059200274,-1.4435028370351872,-1.7009452322109286,-1.5593297618290052,-0.19146821595380978,1.631216463367606,1.0,0.0,1.0,0.0,0.0,0.0,0.0,0.0,1.0,1.0,0.0,0.0
-0.3217525038138023,-0.5755267689198231,0.44906148097206455,-0.8022615967823999,0.6927592896553647,0.24458036018719223,-0.08627870477056564,0.5199317371654413,-0.5766071730023284,1.0,0.0,1.0,0.0,0.0,0.0,0.0,0.0,1.0,0.0,0.0,1.0
0.3432216699968315,-1.5962842294151771,-2.0716815271762883,-1.5637302310165424,0.6927592896553647,0.24458036018719223,-0.08627870477056564,1.5158916715323927,-0.7509090390315338,1.0,0.0,0.0,0.0,1.0,0.0,0.0,0.0,1.0,0.0,0.0,1.0
-0.18875766905167554,-0.904892775166467,-0.6034161068290024,-0.8022615967823999,0.6927592896553647,0.24458036018719223,-0.08627870477056564,-1.187428150320761,0.9727427472572746,1.0,0.0,0.0,0.0,0.0,1.0,1.0,0.0,0.0,0.0,0.0,1.0
1.5401751828559724,-0.3890175048436731,-0.012030832253024476,-0.4215272796653287,-1.4435028370351872,0.24458036018719223,1.3867723522878739,1.5158916715323927,-1.7386196131970308,1.0,0.0,0.0,1.0,0.0,0.0,0.0,0.0,1.0,0.0,1.0,0.0
0.14372941785364138,1.853863994608047,1.0899985312905587,1.1014099888029563,0.6927592896553647,0.24458036018719223,-0.08627870477056564,-1.3297081409446114,-0.3829384329698781,1.0,0.0,0.0,1.0,0.0,0.0,1.0,0.0,0.0,1.0,0.0,0.0
1.6731700176180992,-0.8412928096427502,-1.5134145092469513,-0.04079296254825749,0.6927592896553647,0.24458036018719223,-0.08627870477056564,-0.9028681690730608,-0.7605924760331564,1.0,0.0,0.0,0.0,0.0,1.0,1.0,0.0,0.0,1.0,0.0,0.0
-0.3882499211948657,1.0235466571516538,0.09502974444522443,1.1014099888029563,0.6927592896553647,0.24458036018719223,-0.08627870477056564,1.160191694972767,0.6144555781972414,0.0,1.0,0.0,1.0,0.0,0.0,0.0,0.0,1.0,0.0,1.0,0.0
-0.9202292602433727,-0.9467597543568125,-0.7372005789089021,-0.8022615967823999,0.6927592896553647,0.24458036018719223,-0.08627870477056564,1.017911704348917,0.13028372811611544,0.0,1.0,0.0,0.0,1.0,0.0,1.0,0.0,0.0,1.0,0.0,0.0
-1.2527163471486897,-1.1258203738220764,-0.3724441562251148,-1.1829959138994712,0.6927592896553647,0.24458036018719223,-0.08627870477056564,1.5870316668443178,-1.6902024281889183,1.0,0.0,0.0,0.0,0.0,1.0,1.0,0.0,0.0,0.0,0.0,1.0
1.0746932611885287,1.9157983419271825,0.6811617856530106,1.4821443059200274,-1.4435028370351872,-1.7009452322109286,-1.5593297618290052,1.5158916715323927,-0.49913967698934836,1.0,0.0,0.0,0.0,0.0,1.0,0.0,1.0,0.0,1.0,0.0,0.0
1.7396674349991625,0.48335336104197857,1.0263018791556362,-0.04079296254825749,0.6927592896553647,0.24458036018719223,-0.08627870477056564,0.30651175122966595,-0.3151543739585205,1.0,0.0,0.0,1.0,0.0,0.0,0.0,1.0,0.0,1.0,0.0,0.0
0.27672425261576816,-0.33915555827133936,1.204377442215011,-0.8022615967823999,0.6927592896553647,0.24458036018719223,-0.08627870477056564,0.5910717324773663,-1.2641312001175273,0.0,1.0,0.0,0.0,1.0,0.0,1.0,0.0,0.0,0.0,1.0,0.0
1.2741855133317188,-1.0821278770795106,-0.16301738158317186,-1.1829959138994712,0.6927592896553647,0.24458036018719223,-0.08627870477056564,-1.187428150320761,-0.08275188591957998,1.0,0.0,1.0,0.0,0.0,0.0,1.0,0.0,0.0,0.0,1.0,0.0
-0.05576283428954877,-0.08364972568863048,-0.5812109501804766,0.33994135456881375,0.6927592896553647,0.24458036018719223,-0.08627870477056564,0.5910717324773663,1.1954617982945925,0.0,1.0,1.0,0.0,0.0,0.0,0.0,0.0,1.0,0.0,1.0,0.0
0.941698426426402,-0.5938752190614862,-0.5029925939708095,-0.4215272796653287,-1.4435028370351872,0.24458036018719223,1.3867723522878739,-1.756548112816162,1.127677739283235,1.0,0.0,0.0,1.0,0.0,0.0,1.0,0.0,0.0,0.0,0.0,1.0
-0.2552550864327389,0.685146337763363,-0.31047516321006596,1.1014099888029563,0.6927592896553647,0.24458036018719223,-0.08627870477056564,1.160191694972767,0.9533758732540296,1.0,0.0,1.0,0.0,0.0,0.0,1.0,0.0,0.0,0.0,0.0,1.0
-1.5187060166729431,-0.3241516694844747,-0.5219106210061688,-0.04079296254825749,0.6927592896553647,0.24458036018719223,-0.08627870477056564,-1.4008481362565366,-0.8186930980428915,0.0,1.0,0.0,0.0,1.0,0.0,0.0,0.0,1.0,0.0,1.0,0.0
-1.4522085992918798,-0.006511615398080053,0.0870940089315738,-0.04079296254825749,0.6927592896553647,0.24458036018719223,-0.08627870477056564,0.23537175591774084,0.2949021571436983,1.0,0.0,1.0,0.0,0.0,0.0,0.0,1.0,0.0,0.0,0.0,1.0
0.5427139221400217,0.006786680347293513,0.9365530216604062,-0.4215272796653287,-1.4435028370351872,0.24458036018719223,1.3867723522878739,-0.4760281972015102,1.3310299163173078,1.0,0.0,0.0,0.0,0.0,1.0,0.0,0.0,1.0,0.0,1.0,0.0
-0.6542395907191192,0.20766023581974913,-0.11577553824369127,0.33994135456881375,0.6927592896553647,0.24458036018719223,-0.08627870477056564,-0.7605881784492106,-0.7702759130347789,0.0,1.0,0.0,0.0,0.0,1.0,1.0,0.0,0.0,0.0,0.0,1.0
0.27672425261576816,-1.0052029659191466,-0.9239538235118423,-0.8022615967823999,0.6927592896553647,0.24458036018719223,-0.08627870477056564,-1.187428150320761,-0.12148563392607006,0.0,1.0,0.0,0.0,0.0,1.0,0.0,0.0,1.0,1.0,0.0,0.0
0.941698426426402,-1.400607402741014,-1.6895527096457161,-1.1829959138994712,-1.4435028370351872,0.24458036018719223,1.3867723522878739,0.30651175122966595,0.38205309015830097,1.0,0.0,0.0,1.0,0.0,0.0,1.0,0.0,0.0,0.0,0.0,1.0
1.2741855133317188,1.7263709147566069,0.47939220628871504,1.4821443059200274,0.6927592896553647,0.24458036018719223,-0.08627870477056564,1.160191694972767,-1.0510955860818318,0.0,1.0,1.0,0.0,0.0,0.0,0.0,0.0,1.0,0.0,0.0,1.0
1.5401751828559724,-0.04071675084735366,0.021513218384958916,-0.04079296254825749,0.6927592896553647,0.24458036018719223,-0.08627870477056564,0.7333517231012165,1.4278642863335331,0.0,1.0,0.0,0.0,0.0,1.0,0.0,0.0,1.0,0.0,1.0,0.0
-1.5852034340540067,0.20956570304578975,0.5013745307484382,-0.04079296254825749,0.6927592896553647,-1.7009452322109286,-1.5593297618290052,-0.7605881784492106,0.7016065112118441,0.0,1.0,1.0,0.0,0.0,0.0,1.0,0.0,0.0,0.0,1.0,0.0
-1.4522085992918798,0.0018164756248241056,-0.4446588171568496,0.33994135456881375,0.6927592896553647,0.24458036018719223,-0.08627870477056564,-0.9740081643849858,-0.7702759130347789,1.0,0.0,0.0,0.0,1.0,0.0,0.0,1.0,0.0,1.0,0.0,0.0
0.3432216699968315,0.5322026117459271,-0.10953157349921441,0.720675671685885,-1.4435028370351872,0.24458036018719223,1.3867723522878739,0.6622117277892915,-1.3803324441369975,0.0,1.0,0.0,0.0,1.0,0.0,1.0,0.0,0.0,1.0,0.0,0.0
-1.65170085143507,1.7228664540541692,0.4756594122979441,1.4821443059200274,-1.4435028370351872,-1.7009452322109286,-1.5593297618290052,0.5199317371654413,-1.2060305781077922,1.0,0.0,0.0,0.0,1.0,0.0,0.0,1.0,0.0,1.0,0.0,0.0
-1.5852034340540067,1.299652855688619,0.42588764299323484,1.1014099888029563,0.6927592896553647,0.24458036018719223,-0.08627870477056564,0.5199317371654413,-0.5766071730023284,1.0,0.0,0.0,0.0,0.0,1.0,1.0,0.0,0.0,1.0,0.0,0.0
-0.12226025167061215,-0.23508773284912535,0.3568770818463544,-0.4215272796653287,0.6927592896553647,2.190105952585313,1.3867723522878739,1.3024716855966174,0.3142690311469433,1.0,0.0,0.0,1.0,0.0,0.0,0.0,1.0,0.0,0.0,1.0,0.0
1.3406829307127823,-1.3484402405735403,-1.4395051882296725,-1.1829959138994712,0.6927592896553647,0.24458036018719223,-0.08627870477056564,0.5910717324773663,0.014082484096645214,1.0,0.0,1.0,0.0,0.0,0.0,0.0,1.0,0.0,0.0,0.0,1.0
-1.65170085143507,-0.2596456076574658,-0.39823449828074664,-0.04079296254825749,0.6927592896553647,0.24458036018719223,-0.08627870477056564,0.16423176060581574,0.21743466113071813,0.0,1.0,0.0,0.0,0.0,1.0,0.0,0.0,1.0,1.0,0.0,0.0
1.473677765474909,1.199742413305039,1.469306463628485,0.33994135456881375,0.6927592896553647,0.24458036018719223,-0.08627870477056564,0.37765174654159106,-1.0026784010737193,1.0,0.0,0.0,0.0,1.0,0.0,1.0,0.0,0.0,0.0,0.0,1.0
-0.5877421733380558,0.6272227990808574,-0.37988490622383025,1.1014099888029563,0.6927592896553647,2.190105952585313,1.3867723522878739,-1.756548112816162,-0.7509090390315338,1.0,0.0,0.0,0.0,0.0,1.0,1.0,0.0,0.0,0.0,0.0,1.0
1.7396674349991625,-1.03467774566741,-1.0181394543968638,-0.8022615967823999,0.6927592896553647,0.24458036018719223,-0.08627870477056564,-1.5431281268803867,1.2535624203043276,1.0,0.0,1.0,0.0,0.0,0.0,0.0,0.0,1.0,0.0,1.0,0.0
-0.12226025167061215,-1.2396820342872263,1.3468481117183029,-1.5637302310165424,-1.4435028370351872,0.24458036018719223,1.3867723522878739,0.6622117277892915,0.159334039120983,1.0,0.0,1.0,0.0,0.0,0.0,1.0,0.0,0.0,0.0,1.0,0.0
1.5401751828559724,-0.03669261726508594,0.02922860550809051,-0.04079296254825749,0.6927592896553647,0.24458036018719223,-0.08627870477056564,-1.187428150320761,0.38205309015830097,0.0,1.0,0.0,0.0,1.0,0.0,1.0,0.0,0.0,1.0,0.0,0.0
1.141190678569592,0.6443187043326759,-0.6731611626109488,1.4821443059200274,0.6927592896553647,0.24458036018719223,-0.08627870477056564,0.4487917418535161,-1.1769802671029248,1.0,0.0,0.0,0.0,0.0,1.0,0.0,0.0,1.0,0.0,0.0,1.0
0.4097190873778949,-0.7332008506382687,-0.054780548983838905,-0.8022615967823999,-1.4435028370351872,-1.7009452322109286,-1.5593297618290052,1.0890516996608421,0.8081243182296918,0.0,1.0,0.0,0.0,1.0,0.0,1.0,0.0,0.0,1.0,0.0,0.0
0.7422061742832118,0.9899011694191194,-0.3050622570951212,1.4821443059200274,-1.4435028370351872,0.24458036018719223,1.3867723522878739,-0.5471681925134353,1.3794471013254206,0.0,1.0,1.0,0.0,0.0,0.0,1.0,0.0,0.0,0.0,1.0,0.0
-0.3217525038138023,1.200501935206328,-0.0807397893227027,1.4821443059200274,-1.4435028370351872,0.24458036018719223,1.3867723522878739,-1.8276881081280871,-1.6224183691775607,1.0,0.0,1.0,0.0,0.0,0.0,0.0,0.0,1.0,1.0,0.0,0.0
-1.319213764529753,0.8120397950611536,-0.4945121969765655,1.4821443059200274,0.6927592896553647,0.24458036018719223,-0.08627870477056564,-0.6183081878253603,0.24648497213558568,1.0,0.0,1.0,0.0,0.0,0.0,0.0,1.0,0.0,1.0,0.0,0.0
-1.65170085143507,0.2258088117768627,0.5325171032752485,-0.04079296254825749,0.6927592896553647,2.190105952585313,1.3867723522878739,0.5910717324773663,0.18838435012585056,0.0,1.0,0.0,0.0,1.0,0.0,0.0,0.0,1.0,0.0,0.0,1.0
0.7422061742832118,0.2922070158842753,-0.4382019554167015,0.720675671685885,-1.4435028370351872,0.24458036018719223,1.3867723522878739,0.8756317137250668,-0.4507224919812357,0.0,1.0,0.0,1.0,0.0,0.0,1.0,0.0,0.0,1.0,0.0,0.0
0.8752010090453386,0.6417070149878931,0.04043307025171017,0.720675671685885,0.6927592896553647,0.24458036018719223,-0.08627870477056564,0.9467717090369918,0.21743466113071813,1.0,0.0,0.0,1.0,0.0,0.0,1.0,0.0,0.0,1.0,0.0,0.0
-1.4522085992918798,-1.0283217465987295,0.094886038973146,-1.1829959138994712,0.6927592896553647,2.190105952585313,1.3867723522878739,0.23537175591774084,1.7086839593805863,1.0,0.0,0.0,0.0,0.0,1.0,0.0,0.0,1.0,1.0,0.0,0.0
-0.8537318428623094,0.6324595027160602,0.5629400839566903,0.33994135456881375,0.6927592896553647,0.24458036018719223,-0.08627870477056564,-0.4760281972015102,-0.4313556179779907,0.0,1.0,1.0,0.0,0.0,0.0,1.0,0.0,0.0,0.0,1.0,0.0
0.010734583091514609,0.018605907126999683,-0.41783379570225454,0.33994135456881375,-1.4435028370351872,0.24458036018719223,1.3867723522878739,0.5199317371654413,-0.8671102830510041,1.0,0.0,0.0,0.0,0.0,1.0,0.0,1.0,0.0,0.0,1.0,0.0
-1.65170085143507,-1.2343120811956576,-0.8924663578520442,-1.1829959138994712,0.6927592896553647,0.24458036018719223,-0.08627870477056564,0.8756317137250668,-0.5766071730023284,0.0,1.0,0.0,0.0,0.0,1.0,1.0,0.0,0.0,1.0,0.0,0.0
1.2076880959506555,-1.4659129613062214,-0.8218910037869793,-1.5637302310165424,0.6927592896553647,0.24458036018719223,-0.08627870477056564,1.2313316902846922,-1.7386196131970308,0.0,1.0,0.0,0.0,0.0,1.0,0.0,1.0,0.0,0.0,0.0,1.0
-1.319213764529753,1.4492120455143465,0.6051043339494079,1.1014099888029563,0.6927592896553647,0.24458036018719223,-0.08627870477056564,0.8044917184131416,-1.0607790230834544,0.0,1.0,1.0,0.0,0.0,0.0,0.0,1.0,0.0,0.0,0.0,1.0
1.6731700176180992,0.5888469556473138,-0.031957991047866306,0.720675671685885,-1.4435028370351872,-1.7009452322109286,-1.5593297618290052,-1.2585681456326863,-1.0123618380753419,0.0,1.0,0.0,1.0,0.0,0.0,0.0,0.0,1.0,0.0,0.0,1.0
0.5427139221400217,-1.263560336868098,1.1179412619724283,-1.5637302310165424,0.6927592896553647,-1.7009452322109286,-1.5593297618290052,1.3024716855966174,1.2632458573059502,0.0,1.0,1.0,0.0,0.0,0.0,0.0,1.0,0.0,0.0,1.0,0.0
0.47621650475895827,0.5833837279362886,-0.039439799752889367,0.720675671685885,0.6927592896553647,0.24458036018719223,-0.08627870477056564,1.160191694972767,-0.2570537519487853,1.0,0.0,0.0,0.0,1.0,0.0,0.0,1.0,0.0,0.0,0.0,1.0
0.7422061742832118,-0.02999016960985247,-0.4954773300236095,0.33994135456881375,-1.4435028370351872,-1.7009452322109286,-1.5593297618290052,0.5199317371654413,1.0017930582621422,1.0,0.0,1.0,0.0,0.0,0.0,0.0,0.0,1.0,1.0,0.0,0.0
-0.5877421733380558,0.5140806856800868,0.3738023930022295,0.33994135456881375,0.6927592896553647,0.24458036018719223,-0.08627870477056564,-0.33374820657765997,-0.3829384329698781,0.0,1.0,0.0,0.0,0.0,1.0,0.0,1.0,0.0,1.0,0.0,0.0
0.6092113395210851,0.1601701295707389,0.4066694311939787,-0.04079296254825749,-1.4435028370351872,-1.7009452322109286,-1.5593297618290052,0.6622117277892915,0.18838435012585056,1.0,0.0,0.0,0.0,0.0,1.0,1.0,0.0,0.0,0.0,1.0,0.0
0.3432216699968315,-0.4020493016763139,1.0034026783012218,-0.8022615967823999,0.6927592896553647,0.24458036018719223,-0.08627870477056564,0.7333517231012165,-0.46040592898285826,0.0,1.0,0.0,0.0,0.0,1.0,0.0,1.0,0.0,1.0,0.0,0.0
-0.5877421733380558,-1.3558755602387893,0.23297103036560748,-1.5637302310165424,0.6927592896553647,2.190105952585313,1.3867723522878739,-0.12032822064188467,-0.7218587280266663,1.0,0.0,0.0,1.0,0.0,0.0,0.0,1.0,0.0,1.0,0.0,0.0
0.6757087569021484,-0.62303020011447,0.29726592305836663,-0.8022615967823999,0.6927592896553647,2.190105952585313,1.3867723522878739,0.4487917418535161,-0.7315421650282888,1.0,0.0,0.0,1.0,0.0,0.0,1.0,0.0,0.0,0.0,0.0,1.0
1.6066726002370357,-0.9583258071694221,-0.7741594973574547,-0.8022615967823999,0.6927592896553647,2.190105952585313,1.3867723522878739,0.9467717090369918,-1.6611521171840506,1.0,0.0,0.0,1.0,0.0,0.0,1.0,0.0,0.0,0.0,0.0,1.0
0.47621650475895827,-0.4801734579439761,0.7537596611769535,-0.8022615967823999,0.6927592896553647,2.190105952585313,1.3867723522878739,-0.04918822532995957,-0.20863656694067273,0.0,1.0,1.0,0.0,0.0,0.0,0.0,0.0,1.0,0.0,1.0,0.0
-0.12226025167061215,0.3233207639458466,0.7194747289940338,-0.04079296254825749,0.6927592896553647,0.24458036018719223,-0.08627870477056564,-1.3297081409446114,-0.6347077950120636,0.0,1.0,0.0,0.0,0.0,1.0,0.0,1.0,0.0,0.0,0.0,1.0
-0.8537318428623094,-0.5821892417381466,-1.0166406595473372,-0.04079296254825749,0.6927592896553647,2.190105952585313,1.3867723522878739,1.0890516996608421,-1.0026784010737193,1.0,0.0,0.0,1.0,0.0,0.0,0.0,1.0,0.0,1.0,0.0,0.0
-0.9202292602433727,1.2430351616785051,0.3580426928976553,1.1014099888029563,0.6927592896553647,-1.7009452322109286,-1.5593297618290052,-1.8276881081280871,1.0211599322653873,1.0,0.0,0.0,0.0,0.0,1.0,1.0,0.0,0.0,0.0,0.0,1.0
-0.18875766905167554,-0.9873741886573129,-0.8669825874701791,-0.8022615967823999,0.6927592896553647,0.24458036018719223,-0.08627870477056564,1.4447516762204675,-0.7315421650282888,1.0,0.0,0.0,0.0,0.0,1.0,0.0,0.0,1.0,0.0,0.0,1.0
-0.5877421733380558,-1.1896735133128895,1.8262495665711318,-1.5637302310165424,-1.4435028370351872,0.24458036018719223,1.3867723522878739,-1.8276881081280871,0.9340089992507846,1.0,0.0,0.0,1.0,0.0,0.0,0.0,1.0,0.0,1.0,0.0,0.0
0.07723200047257799,-1.2499422424274447,1.2484896997181223,-1.5637302310165424,0.6927592896553647,0.24458036018719223,-0.08627870477056564,-0.9740081643849858,-0.16021938193256013,0.0,1.0,0.0,1.0,0.0,0.0,1.0,0.0,0.0,1.0,0.0,0.0
-1.65170085143507,0.0487202842658224,-0.36971907468052095,0.33994135456881375,-1.4435028370351872,0.24458036018719223,1.3867723522878739,-1.4719881315684615,1.389130538327043,1.0,0.0,0.0,0.0,0.0,1.0,0.0,1.0,0.0,0.0,1.0,0.0
1.141190678569592,2.052752133180642,0.827038807087045,1.4821443059200274,-1.4435028370351872,0.24458036018719223,1.3867723522878739,-0.6894481831372855,0.19806778712747308,1.0,0.0,0.0,0.0,1.0,0.0,0.0,0.0,1.0,1.0,0.0,0.0
1.0746932611885287,0.38609458284009107,0.8398296585869818,-0.04079296254825749,-1.4435028370351872,-1.7009452322109286,-1.5593297618290052,-0.04918822532995957,-1.535267436162958,1.0,0.0,0.0,0.0,0.0,1.0,1.0,0.0,0.0,0.0,1.0,0.0
0.8087035916642752,-0.8465028633866792,-2.1458495180433075,1.1014099888029563,0.6927592896553647,0.24458036018719223,-0.08627870477056564,-0.6183081878253603,1.5246986563497582,1.0,0.0,0.0,0.0,0.0,1.0,0.0,1.0,0.0,1.0,0.0,0.0
-0.2552550864327389,1.3831736149391232,0.11383387158789962,1.4821443059200274,0.6927592896553647,0.24458036018719223,-0.08627870477056564,-0.8317281737611357,0.4982543341777712,1.0,0.0,1.0,0.0,0.0,0.0,0.0,0.0,1.0,0.0,0.0,1.0
-0.9867266776244361,-0.31150629607529656,1.292729695418637,-0.8022615967823999,-1.4435028370351872,0.24458036018719223,1.3867723522878739,0.37765174654159106,-0.41198874397474566,0.0,1.0,1.0,0.0,0.0,0.0,1.0,0.0,0.0,0.0,1.0,0.0
0.07723200047257799,0.9340030224733848,0.4407280842843567,0.720675671685885,0.6927592896553647,0.24458036018719223,-0.08627870477056564,-1.4719881315684615,1.5053317823465133,1.0,0.0,0.0,0.0,1.0,0.0,0.0,0.0,1.0,0.0,1.0,0.0
0.6092113395210851,-0.3667648456304723,0.041299865162658045,-0.4215272796653287,0.6927592896553647,-1.7009452322109286,-1.5593297618290052,-1.8276881081280871,-0.3538881219650105,1.0,0.0,0.0,0.0,0.0,1.0,0.0,1.0,0.0,0.0,1.0,0.0
-1.5187060166729431,0.3090630721146341,0.04623907546223445,0.33994135456881375,0.6927592896553647,0.24458036018719223,-0.08627870477056564,0.37765174654159106,-0.9736280900688518,1.0,0.0,0.0,0.0,1.0,0.0,1.0,0.0,0.0,1.0,0.0,0.0
0.21022683523470476,-1.3563419333360722,-1.4773795637596123,-1.1829959138994712,-1.4435028370351872,-1.7009452322109286,-1.5593297618290052,-0.9740081643849858,0.5369880821842613,0.0,1.0,0.0,1.0,0.0,0.0,0.0,0.0,1.0,0.0,1.0,0.0
-1.5187060166729431,-0.496829639989785,-0.2704132710496029,-0.4215272796653287,-1.4435028370351872,-1.7009452322109286,-1.5593297618290052,1.3736116809085424,1.7667845813903214,1.0,0.0,1.0,0.0,0.0,0.0,0.0,1.0,0.0,1.0,0.0,0.0
1.6731700176180992,1.3468498131336235,1.0061155943032065,0.720675671685885,-1.4435028370351872,0.24458036018719223,1.3867723522878739,-0.04918822532995957,-0.8671102830510041,0.0,1.0,0.0,1.0,0.0,0.0,1.0,0.0,0.0,0.0,1.0,0.0
-0.2552550864327389,-0.5163107105105632,-0.317101582200338,-0.4215272796653287,0.6927592896553647,0.24458036018719223,-0.08627870477056564,-1.1162881550088362,1.5634324043562484,1.0,0.0,1.0,0.0,0.0,0.0,0.0,1.0,0.0,1.0,0.0,0.0
-1.65170085143507,1.888522178208966,0.6521084423103887,1.4821443059200274,-1.4435028370351872,-1.7009452322109286,-1.5593297618290052,-0.12032822064188467,0.7016065112118441,0.0,1.0,1.0,0.0,0.0,0.0,0.0,1.0,0.0,0.0,1.0,0.0
-1.119721512386563,-1.2970059504160825,0.7973183864913196,-1.5637302310165424,-1.4435028370351872,-1.7009452322109286,-1.5593297618290052,-1.2585681456326863,0.9727427472572746,0.0,1.0,0.0,0.0,1.0,0.0,0.0,1.0,0.0,0.0,0.0,1.0
-0.5212447559569925,1.147202152659739,0.24320605343250917,1.1014099888029563,-1.4435028370351872,0.24458036018719223,1.3867723522878739,0.5199317371654413,1.5053317823465133,0.0,1.0,0.0,0.0,0.0,1.0,0.0,0.0,1.0,1.0,0.0,0.0
0.7422061742832118,-1.0297475157818508,0.08805204541209417,-1.1829959138994712,0.6927592896553647,0.24458036018719223,-0.08627870477056564,-1.5431281268803867,0.8952752512442945,1.0,0.0,0.0,0.0,0.0,1.0,0.0,1.0,0.0,0.0,0.0,1.0
-0.18875766905167554,-0.12222544330672401,-1.2779483030644407,1.1014099888029563,0.6927592896553647,0.24458036018719223,-0.08627870477056564,0.8044917184131416,0.05281623210313529,1.0,0.0,0.0,0.0,0.0,1.0,0.0,0.0,1.0,1.0,0.0,0.0
0.14372941785364138,0.5106561746514686,-0.13903909709926865,0.720675671685885,0.6927592896553647,0.24458036018719223,-0.08627870477056564,-1.4008481362565366,0.7597071332215792,1.0,0.0,0.0,0.0,0.0,1.0,1.0,0.0,0.0,0.0,1.0,0.0
0.3432216699968315,0.5934174120006839,-0.4203938820752032,1.1014099888029563,0.6927592896553647,-1.7009452322109286,-1.5593297618290052,1.2313316902846922,0.19806778712747308,0.0,1.0,1.0,0.0,0.0,0.0,0.0,0.0,1.0,0.0,0.0,1.0
-0.05576283428954877,1.3743125260907527,0.515352282999243,1.1014099888029563,0.6927592896553647,0.24458036018719223,-0.08627870477056564,0.09309176529389064,-0.10211875992282503,0.0,1.0,0.0,0.0,1.0,0.0,0.0,1.0,0.0,1.0,0.0,0.0
-0.12226025167061215,0.8717355515133328,0.9452392190837988,0.33994135456881375,0.6927592896553647,0.24458036018719223,-0.08627870477056564,-1.3297081409446114,1.631216463367606,1.0,0.0,0.0,1.0,0.0,0.0,1.0,0.0,0.0,0.0,1.0,0.0
0.4097190873778949,-0.6500531898655905,-0.6376286540333944,-0.4215272796653287,0.6927592896553647,0.24458036018719223,-0.08627870477056564,-0.19146821595380978,-0.41198874397474566,1.0,0.0,0.0,0.0,1.0,0.0,0.0,0.0,1.0,0.0,1.0,0.0
-1.0532240950054994,-1.1286985620795924,-1.318579694688325,-0.8022615967823999,0.6927592896553647,0.24458036018719223,-0.08627870477056564,0.30651175122966595,0.5757218301907514,0.0,1.0,1.0,0.0,0.0,0.0,0.0,1.0,0.0,0.0,0.0,1.0
-0.9202292602433727,-0.20738517087053598,-0.2980366562379656,-0.04079296254825749,0.6927592896553647,0.24458036018719223,-0.08627870477056564,0.4487917418535161,-0.4313556179779907,1.0,0.0,0.0,0.0,1.0,0.0,0.0,1.0,0.0,0.0,0.0,1.0
-0.6542395907191192,-1.0801291352340137,2.8763852874198137,-1.5637302310165424,0.6927592896553647,0.24458036018719223,-0.08627870477056564,1.017911704348917,-1.0607790230834544,0.0,1.0,0.0,0.0,1.0,0.0,0.0,0.0,1.0,0.0,1.0,0.0
0.27672425261576816,-1.4341862657453646,-0.5177463557708366,-1.5637302310165424,0.6927592896553647,0.24458036018719223,-0.08627870477056564,0.09309176529389064,-0.5088231139909708,1.0,0.0,0.0,0.0,0.0,1.0,0.0,0.0,1.0,1.0,0.0,0.0
-1.2527163471486897,-0.5605628549698684,-0.42315622059403946,-0.4215272796653287,-1.4435028370351872,0.24458036018719223,1.3867723522878739,1.4447516762204675,0.7112899482134666,0.0,1.0,1.0,0.0,0.0,0.0,1.0,0.0,0.0,0.0,1.0,0.0
-1.5852034340540067,-1.079849311375644,-1.1624836174620639,-0.8022615967823999,0.6927592896553647,0.24458036018719223,-0.08627870477056564,1.4447516762204675,-0.42167218097636816,1.0,0.0,1.0,0.0,0.0,0.0,0.0,1.0,0.0,0.0,1.0,0.0
1.7396674349991625,-0.07923916868290035,-0.05234500735335835,-0.04079296254825749,0.6927592896553647,0.24458036018719223,-0.08627870477056564,1.5158916715323927,1.7377342703854537,1.0,0.0,0.0,1.0,0.0,0.0,1.0,0.0,0.0,1.0,0.0,0.0
-1.65170085143507,-1.3224699215277151,-1.937769316898986,-0.8022615967823999,0.6927592896553647,0.24458036018719223,-0.08627870477056564,1.3024716855966174,-1.5449508731645805,0.0,1.0,0.0,1.0,0.0,0.0,0.0,0.0,1.0,0.0,1.0,0.0
-0.9867266776244361,0.6683968810980973,0.07698444302283487,0.720675671685885,0.6927592896553647,0.24458036018719223,-0.08627870477056564,0.30651175122966595,0.12060029111449293,0.0,1.0,1.0,0.0,0.0,0.0,1.0,0.0,0.0,0.0,1.0,0.0
0.6092113395210851,1.0586845387954922,0.13713544776413275,1.1014099888029563,-1.4435028370351872,-1.7009452322109286,-1.5593297618290052,0.09309176529389064,0.5950887041939964,1.0,0.0,0.0,0.0,0.0,1.0,0.0,1.0,0.0,0.0,1.0,0.0
0.14372941785364138,-1.4656864372303986,-2.001489387703432,-1.1829959138994712,0.6927592896553647,0.24458036018719223,-0.08627870477056564,0.8044917184131416,-0.7702759130347789,1.0,0.0,0.0,1.0,0.0,0.0,0.0,1.0,0.0,1.0,0.0,0.0
-1.2527163471486897,-0.38263485588371915,-0.634039210686375,-0.04079296254825749,-1.4435028370351872,0.24458036018719223,1.3867723522878739,0.8756317137250668,0.10123341711124789,1.0,0.0,0.0,0.0,1.0,0.0,0.0,0.0,1.0,1.0,0.0,0.0
0.8087035916642752,-0.4379733551127147,-0.12935836656752575,-0.4215272796653287,0.6927592896553647,0.24458036018719223,-0.08627870477056564,1.0890516996608421,0.21743466113071813,0.0,1.0,0.0,0.0,0.0,1.0,0.0,1.0,0.0,0.0,1.0,0.0
1.5401751828559724,-0.4317239556091271,0.908578356429186,-0.8022615967823999,0.6927592896553647,0.24458036018719223,-0.08627870477056564,-1.1162881550088362,1.1373611762848574,1.0,0.0,0.0,0.0,0.0,1.0,0.0,0.0,1.0,0.0,0.0,1.0
-0.6542395907191192,0.38092450393307214,0.8299171744685225,-0.04079296254825749,0.6927592896553647,2.190105952585313,1.3867723522878739,0.5910717324773663,-0.6153409210088185,1.0,0.0,0.0,0.0,0.0,1.0,1.0,0.0,0.0,1.0,0.0,0.0
-1.1862189297676262,-0.9976077469062579,-0.8996835660053045,-0.8022615967823999,0.6927592896553647,-1.7009452322109286,-1.5593297618290052,0.7333517231012165,-0.41198874397474566,0.0,1.0,0.0,1.0,0.0,0.0,1.0,0.0,0.0,1.0,0.0,0.0
-0.787234425481246,1.3278084658188547,0.05486140378692576,1.4821443059200274,0.6927592896553647,0.24458036018719223,-0.08627870477056564,-1.4719881315684615,-0.8961605940558717,1.0,0.0,0.0,1.0,0.0,0.0,0.0,1.0,0.0,0.0,0.0,1.0
-0.7207370081001826,-1.0756652784457368,-0.13204086871298495,-1.1829959138994712,-1.4435028370351872,-1.7009452322109286,-1.5593297618290052,0.8756317137250668,-1.0801458970866995,1.0,0.0,0.0,0.0,1.0,0.0,1.0,0.0,0.0,0.0,0.0,1.0
1.6731700176180992,0.014328599577635904,-1.1143156721914127,1.1014099888029563,-1.4435028370351872,0.24458036018719223,1.3867723522878739,1.017911704348917,1.0017930582621422,0.0,1.0,0.0,1.0,0.0,0.0,0.0,0.0,1.0,0.0,1.0,0.0
0.5427139221400217,-1.668532084657078,-2.7642780334944437,-1.5637302310165424,0.6927592896553647,0.24458036018719223,-0.08627870477056564,1.160191694972767,0.3239524681485658,1.0,0.0,0.0,0.0,0.0,1.0,0.0,0.0,1.0,1.0,0.0,0.0
-0.2552550864327389,-1.0605148152568689,-0.059421703489474904,-1.1829959138994712,0.6927592896553647,0.24458036018719223,-0.08627870477056564,-1.045148159696911,-0.06338501191633494,0.0,1.0,0.0,1.0,0.0,0.0,1.0,0.0,0.0,0.0,1.0,0.0
-0.6542395907191192,0.16539350826030438,-0.9332946791969247,1.1014099888029563,0.6927592896553647,0.24458036018719223,-0.08627870477056564,0.9467717090369918,-0.42167218097636816,0.0,1.0,0.0,0.0,0.0,1.0,0.0,0.0,1.0,0.0,1.0,0.0
-1.3857111819108163,1.407771464584374,0.5554461097090571,1.1014099888029563,-1.4435028370351872,-1.7009452322109286,-1.5593297618290052,-0.12032822064188467,-1.0220452750769644,0.0,1.0,0.0,0.0,1.0,0.0,1.0,0.0,0.0,0.0,1.0,0.0
1.6066726002370357,-0.4258343296377291,-1.4215488473376174,0.720675671685885,-1.4435028370351872,-1.7009452322109286,-1.5593297618290052,0.8756317137250668,-0.7896427870380239,1.0,0.0,0.0,0.0,0.0,1.0,0.0,0.0,1.0,0.0,0.0,1.0
1.7396674349991625,-0.7706172979859739,1.3301144078585319,-1.1829959138994712,0.6927592896553647,0.24458036018719223,-0.08627870477056564,0.8044917184131416,-0.07306844891795747,0.0,1.0,1.0,0.0,0.0,0.0,1.0,0.0,0.0,0.0,0.0,1.0
0.8752010090453386,-1.6779261713309142,-2.8543334626634405,-1.5637302310165424,0.6927592896553647,-1.7009452322109286,-1.5593297618290052,-0.6183081878253603,0.5273046451826388,0.0,1.0,0.0,1.0,0.0,0.0,1.0,0.0,0.0,0.0,0.0,1.0
-1.4522085992918798,-0.20161546940986788,-0.7696886604483559,0.33994135456881375,0.6927592896553647,0.24458036018719223,-0.08627870477056564,-0.8317281737611357,-0.3538881219650105,1.0,0.0,0.0,0.0,0.0,1.0,0.0,1.0,0.0,0.0,0.0,1.0
1.2076880959506555,1.9210750203992948,1.1705374647530438,1.1014099888029563,-1.4435028370351872,0.24458036018719223,1.3867723522878739,-1.1162881550088362,-0.7896427870380239,1.0,0.0,1.0,0.0,0.0,0.0,0.0,1.0,0.0,0.0,0.0,1.0
1.141190678569592,1.141165952286338,-0.14394181077101553,1.4821443059200274,0.6927592896553647,0.24458036018719223,-0.08627870477056564,1.3736116809085424,-0.6540746690153086,1.0,0.0,0.0,0.0,0.0,1.0,0.0,1.0,0.0,1.0,0.0,0.0
-0.2552550864327389,-0.47910746229304424,-0.22794032041316103,-0.4215272796653287,0.6927592896553647,0.24458036018719223,-0.08627870477056564,0.8756317137250668,1.0695771172734998,1.0,0.0,0.0,1.0,0.0,0.0,0.0,0.0,1.0,0.0,1.0,0.0
0.8087035916642752,-0.3875251109323686,-0.008454162725745165,-0.4215272796653287,0.6927592896553647,0.24458036018719223,-0.08627870477056564,-1.3297081409446114,1.3600802273221755,0.0,1.0,0.0,0.0,0.0,1.0,0.0,1.0,0.0,1.0,0.0,0.0
1.0081958438074654,0.02700062287808732,-0.4044212849749574,0.33994135456881375,-1.4435028370351872,-1.7009452322109286,-1.5593297618290052,0.16423176060581574,-0.4797728029861033,1.0,0.0,0.0,0.0,0.0,1.0,1.0,0.0,0.0,0.0,0.0,1.0
1.6066726002370357,1.096114311088834,0.6627370713704788,0.720675671685885,-1.4435028370351872,-1.7009452322109286,-1.5593297618290052,0.8756317137250668,-1.031728712078587,0.0,1.0,0.0,0.0,0.0,1.0,0.0,0.0,1.0,1.0,0.0,0.0
1.141190678569592,-0.32840232714256523,0.1332394327433463,-0.4215272796653287,-1.4435028370351872,0.24458036018719223,1.3867723522878739,0.16423176060581574,-1.2738146371191499,1.0,0.0,0.0,0.0,1.0,0.0,0.0,1.0,0.0,1.0,0.0,0.0
1.6066726002370357,-0.2342749111652897,-0.3495917927097483,-0.04079296254825749,0.6927592896553647,0.24458036018719223,-0.08627870477056564,-0.9740081643849858,1.6990005223789637,1.0,0.0,0.0,1.0,0.0,0.0,0.0,1.0,0.0,1.0,0.0,0.0
1.4071803480938456,1.0133663986852552,0.5494150419602521,0.720675671685885,0.6927592896553647,0.24458036018719223,-0.08627870477056564,-0.33374820657765997,0.3045855941453208,1.0,0.0,0.0,0.0,0.0,1.0,1.0,0.0,0.0,0.0,0.0,1.0
0.6757087569021484,2.0276612605468354,1.2982596948812009,1.1014099888029563,-1.4435028370351872,0.24458036018719223,1.3867723522878739,-1.045148159696911,0.9436924362524071,0.0,1.0,1.0,0.0,0.0,0.0,0.0,0.0,1.0,1.0,0.0,0.0
-0.8537318428623094,1.570975398742028,0.3138718887207342,1.4821443059200274,-1.4435028370351872,-1.7009452322109286,-1.5593297618290052,-1.756548112816162,1.6602667743724735,0.0,1.0,1.0,0.0,0.0,0.0,0.0,0.0,1.0,1.0,0.0,0.0
0.7422061742832118,-0.28116539486065106,-0.4394939360418616,-0.04079296254825749,0.6927592896553647,0.24458036018719223,-0.08627870477056564,-1.1162881550088362,1.6893170853773412,1.0,0.0,1.0,0.0,0.0,0.0,0.0,1.0,0.0,0.0,1.0,0.0
-0.2552550864327389,-0.13992097111219137,1.8410246180707257,-0.8022615967823999,0.6927592896553647,0.24458036018719223,-0.08627870477056564,0.021951769981965533,-1.4577999401499777,1.0,0.0,0.0,0.0,1.0,0.0,0.0,1.0,0.0,0.0,1.0,0.0
1.0081958438074654,0.262998735048745,-1.0793260509528202,1.4821443059200274,0.6927592896553647,0.24458036018719223,-0.08627870477056564,-1.5431281268803867,1.3988139753286655,1.0,0.0,0.0,0.0,0.0,1.0,0.0,0.0,1.0,1.0,0.0,0.0
-0.5212447559569925,0.2741650394922551,1.5773516889317134,-0.4215272796653287,0.6927592896553647,0.24458036018719223,-0.08627870477056564,-0.5471681925134353,-0.024651263909844866,1.0,0.0,1.0,0.0,0.0,0.0,0.0,1.0,0.0,1.0,0.0,0.0
0.3432216699968315,0.26401143091712986,-0.02574139877426202,0.33994135456881375,-1.4435028370351872,0.24458036018719223,1.3867723522878739,1.2313316902846922,-1.4384330661467328,0.0,1.0,0.0,0.0,0.0,1.0,0.0,0.0,1.0,0.0,0.0,1.0
0.6757087569021484,-1.0535725185801759,-0.02614590306603765,-1.1829959138994712,0.6927592896553647,-1.7009452322109286,-1.5593297618290052,-1.8276881081280871,0.9921096212605197,0.0,1.0,1.0,0.0,0.0,0.0,0.0,1.0,0.0,1.0,0.0,0.0
1.0746932611885287,2.2060822826215407,0.9903591890330882,1.4821443059200274,0.6927592896553647,-1.7009452322109286,-1.5593297618290052,0.23537175591774084,1.4569145973384006,1.0,0.0,1.0,0.0,0.0,0.0,1.0,0.0,0.0,0.0,0.0,1.0
1.0081958438074654,0.8030854315933265,0.26143840007252395,0.720675671685885,0.6927592896553647,2.190105952585313,1.3867723522878739,-1.756548112816162,-1.6708355541856732,1.0,0.0,1.0,0.0,0.0,0.0,0.0,0.0,1.0,0.0,1.0,0.0
-1.5187060166729431,1.4283718305386304,0.1619769788757228,1.4821443059200274,0.6927592896553647,0.24458036018719223,-0.08627870477056564,-1.1162881550088362,0.7306568222167117,1.0,0.0,0.0,0.0,0.0,1.0,0.0,0.0,1.0,1.0,0.0,0.0
-0.3882499211948657,-1.0679767848133914,2.992882523451197,-1.5637302310165424,0.6927592896553647,0.24458036018719223,-0.08627870477056564,1.5870316668443178,0.2658518461388307,1.0,0.0,0.0,0.0,0.0,1.0,1.0,0.0,0.0,1.0,0.0,0.0
-0.9202292602433727,0.6823347742340302,-0.31384425816656586,1.1014099888029563,0.6927592896553647,0.24458036018719223,-0.08627870477056564,0.16423176060581574,-0.9929949640720969,0.0,1.0,1.0,0.0,0.0,0.0,1.0,0.0,0.0,0.0,1.0,0.0
-0.787234425481246,0.8763326577579761,0.3617493816615773,0.720675671685885,0.6927592896553647,0.24458036018719223,-0.08627870477056564,-1.756548112816162,1.350396790320553,1.0,0.0,0.0,0.0,1.0,0.0,0.0,1.0,0.0,0.0,0.0,1.0
-1.3857111819108163,-0.7771465213479309,-0.9422203857404474,-0.4215272796653287,0.6927592896553647,2.190105952585313,1.3867723522878739,-0.6894481831372855,-0.17958625593580518,1.0,0.0,0.0,0.0,1.0,0.0,0.0,0.0,1.0,0.0,1.0,0.0
0.07723200047257799,1.3656246615356589,0.5049416199109121,1.1014099888029563,0.6927592896553647,0.24458036018719223,-0.08627870477056564,0.8756317137250668,1.0405268062686324,0.0,1.0,1.0,0.0,0.0,0.0,1.0,0.0,0.0,0.0,1.0,0.0
-1.319213764529753,-0.8046225592506974,-0.2830061283435656,-0.8022615967823999,0.6927592896553647,-1.7009452322109286,-1.5593297618290052,-1.4719881315684615,1.650583337370851,0.0,1.0,1.0,0.0,0.0,0.0,0.0,1.0,0.0,0.0,1.0,0.0
-0.9202292602433727,0.16903121841910906,0.4236586114485551,-0.04079296254825749,0.6927592896553647,0.24458036018719223,-0.08627870477056564,1.160191694972767,-1.3609655701337526,1.0,0.0,0.0,0.0,1.0,0.0,1.0,0.0,0.0,0.0,0.0,1.0
-1.5852034340540067,0.45342553314206907,-0.21741560536286364,0.720675671685885,0.6927592896553647,0.24458036018719223,-0.08627870477056564,-1.3297081409446114,-0.586290610003951,0.0,1.0,0.0,1.0,0.0,0.0,0.0,1.0,0.0,0.0,1.0,0.0
1.4071803480938456,1.8045883456437253,0.5627058972614513,1.4821443059200274,0.6927592896553647,0.24458036018719223,-0.08627870477056564,1.5158916715323927,0.23680153513396315,1.0,0.0,1.0,0.0,0.0,0.0,1.0,0.0,0.0,0.0,0.0,1.0
-1.4522085992918798,0.7738238509752495,-0.535218102548935,1.4821443059200274,-1.4435028370351872,-1.7009452322109286,-1.5593297618290052,0.5910717324773663,-1.593368058172693,1.0,0.0,0.0,1.0,0.0,0.0,0.0,1.0,0.0,1.0,0.0,0.0
-0.05576283428954877,0.568606363225247,0.4609198436309616,0.33994135456881375,0.6927592896553647,0.24458036018719223,-0.08627870477056564,-0.9028681690730608,1.1567280502881025,1.0,0.0,0.0,1.0,0.0,0.0,0.0,0.0,1.0,0.0,0.0,1.0
1.0746932611885287,1.6785476848666805,0.4284530517910749,1.4821443059200274,0.6927592896553647,0.24458036018719223,-0.08627870477056564,0.23537175591774084,0.24648497213558568,0.0,1.0,1.0,0.0,0.0,0.0,0.0,1.0,0.0,1.0,0.0,0.0
-1.65170085143507,0.93962614953205,0.44842887275635607,0.720675671685885,0.6927592896553647,0.24458036018719223,-0.08627870477056564,0.23537175591774084,-0.16021938193256013,1.0,0.0,0.0,1.0,0.0,0.0,0.0,1.0,0.0,1.0,0.0,0.0
0.5427139221400217,-1.013531056942051,-0.9505659479707658,-0.8022615967823999,0.6927592896553647,0.24458036018719223,-0.08627870477056564,1.5158916715323927,0.4595205861712811,0.0,1.0,1.0,0.0,0.0,0.0,1.0,0.0,0.0,0.0,0.0,1.0
-0.4547473385759291,1.575172756617572,0.3183427256298336,1.4821443059200274,-1.4435028370351872,0.24458036018719223,1.3867723522878739,-0.9028681690730608,1.2148286722978376,1.0,0.0,1.0,0.0,0.0,0.0,1.0,0.0,0.0,1.0,0.0,0.0
0.6757087569021484,-1.0976780886374777,-0.2375526197677241,-1.1829959138994712,0.6927592896553647,2.190105952585313,1.3867723522878739,-0.33374820657765997,1.6021661523627384,1.0,0.0,0.0,1.0,0.0,0.0,0.0,1.0,0.0,0.0,1.0,0.0
-0.12226025167061215,-1.596177629850084,-2.070659621597066,-1.5637302310165424,0.6927592896553647,0.24458036018719223,-0.08627870477056564,1.160191694972767,-1.7386196131970308,1.0,0.0,0.0,1.0,0.0,0.0,0.0,1.0,0.0,0.0,0.0,1.0
0.4097190873778949,-0.8620264250533732,-0.46643817981403257,-0.8022615967823999,0.6927592896553647,0.24458036018719223,-0.08627870477056564,0.16423176060581574,-1.651468680182428,1.0,0.0,0.0,0.0,0.0,1.0,1.0,0.0,0.0,0.0,1.0,0.0
1.6066726002370357,0.48072834675155907,-0.18002481015166327,0.720675671685885,0.6927592896553647,2.190105952585313,1.3867723522878739,-1.3297081409446114,-0.5475568619974609,1.0,0.0,0.0,0.0,0.0,1.0,1.0,0.0,0.0,0.0,1.0,0.0
0.5427139221400217,-0.7001150106224738,-0.7576067559440045,-0.4215272796653287,-1.4435028370351872,-1.7009452322109286,-1.5593297618290052,-0.04918822532995957,0.033449358099890254,0.0,1.0,1.0,0.0,0.0,0.0,0.0,0.0,1.0,0.0,0.0,1.0
0.6092113395210851,1.4298375745586616,1.1197660933638969,0.720675671685885,0.6927592896553647,0.24458036018719223,-0.08627870477056564,-0.4048882018895851,-0.2957874999552754,1.0,0.0,0.0,0.0,1.0,0.0,0.0,1.0,0.0,1.0,0.0,0.0
-0.5212447559569925,-0.9222018795484717,-1.6685397761729501,-0.04079296254825749,0.6927592896553647,2.190105952585313,1.3867723522878739,1.3736116809085424,-0.024651263909844866,0.0,1.0,0.0,0.0,0.0,1.0,1.0,0.0,0.0,1.0,0.0,0.0
-1.119721512386563,-0.46398364899544986,-1.1888828449253162,0.33994135456881375,0.6927592896553647,0.24458036018719223,-0.08627870477056564,-0.8317281737611357,-0.7799593500364014,1.0,0.0,0.0,0.0,1.0,0.0,1.0,0.0,0.0,0.0,0.0,1.0
1.2076880959506555,1.5382360073127859,1.2682161270599024,0.720675671685885,0.6927592896553647,0.24458036018719223,-0.08627870477056564,-1.1162881550088362,-1.5643177471678256,0.0,1.0,0.0,0.0,1.0,0.0,1.0,0.0,0.0,0.0,0.0,1.0
-1.5187060166729431,1.3657579109920253,0.09528344669839914,1.4821443059200274,0.6927592896553647,0.24458036018719223,-0.08627870477056564,-0.7605881784492106,1.408497412330288,0.0,1.0,0.0,0.0,0.0,1.0,1.0,0.0,0.0,0.0,0.0,1.0
-0.5877421733380558,-1.0704019249192611,-1.1322948234758619,-0.8022615967823999,0.6927592896553647,0.24458036018719223,-0.08627870477056564,-1.4008481362565366,-0.36357155896663307,1.0,0.0,1.0,0.0,0.0,0.0,0.0,1.0,0.0,0.0,1.0,0.0
0.6092113395210851,-0.2824579145874059,-0.4419720570714764,-0.04079296254825749,0.6927592896553647,0.24458036018719223,-0.08627870477056564,0.8044917184131416,-0.6443912320136861,0.0,1.0,1.0,0.0,0.0,0.0,0.0,0.0,1.0,1.0,0.0,0.0
-1.0532240950054994,0.35948466640370674,0.1267992986242869,0.33994135456881375,0.6927592896553647,-1.7009452322109286,-1.5593297618290052,0.9467717090369918,-0.5475568619974609,0.0,1.0,1.0,0.0,0.0,0.0,1.0,0.0,0.0,1.0,0.0,0.0
0.7422061742832118,-1.6991794596213665,-3.0580758875209573,-1.5637302310165424,0.6927592896553647,0.24458036018719223,-0.08627870477056564,1.3736116809085424,-1.1866637041045471,0.0,1.0,0.0,0.0,0.0,1.0,0.0,0.0,1.0,1.0,0.0,0.0
0.010734583091514609,-1.0828207742526164,2.850582171544442,-1.5637302310165424,0.6927592896553647,0.24458036018719223,-0.08627870477056564,1.017911704348917,-1.4093827551418652,0.0,1.0,0.0,1.0,0.0,0.0,0.0,0.0,1.0,0.0,1.0,0.0
-1.5187060166729431,-0.9976343967975312,0.24197657328250693,-1.1829959138994712,-1.4435028370351872,-1.7009452322109286,-1.5593297618290052,-0.04918822532995957,1.0211599322653873,0.0,1.0,0.0,0.0,1.0,0.0,0.0,0.0,1.0,1.0,0.0,0.0
-1.4522085992918798,-1.1806791750081527,-0.6353932355788446,-1.1829959138994712,-1.4435028370351872,0.24458036018719223,1.3867723522878739,1.4447516762204675,1.0405268062686324,0.0,1.0,1.0,0.0,0.0,0.0,1.0,0.0,0.0,0.0,0.0,1.0
1.141190678569592,-1.1447551215717522,-1.369887870645129,-0.8022615967823999,0.6927592896553647,0.24458036018719223,-0.08627870477056564,-1.4719881315684615,0.22711809813234066,1.0,0.0,0.0,1.0,0.0,0.0,0.0,0.0,1.0,1.0,0.0,0.0
0.7422061742832118,-1.2411477783072575,-1.6779072439824914,-0.8022615967823999,-1.4435028370351872,0.24458036018719223,1.3867723522878739,-1.756548112816162,1.0017930582621422,1.0,0.0,0.0,0.0,0.0,1.0,0.0,1.0,0.0,0.0,1.0,0.0
-1.4522085992918798,-0.13419124448843317,-0.1577034725712141,-0.04079296254825749,0.6927592896553647,0.24458036018719223,-0.08627870477056564,-1.1162881550088362,-0.586290610003951,1.0,0.0,0.0,0.0,0.0,1.0,0.0,1.0,0.0,0.0,0.0,1.0
-0.05576283428954877,0.8381833384002552,-0.12709101356362537,1.1014099888029563,0.6927592896553647,-1.7009452322109286,-1.5593297618290052,1.2313316902846922,0.18838435012585056,0.0,1.0,1.0,0.0,0.0,0.0,0.0,0.0,1.0,0.0,1.0,0.0
-1.4522085992918798,1.1440441405438535,0.7283762565216196,0.720675671685885,0.6927592896553647,2.190105952585313,1.3867723522878739,-0.9740081643849858,0.3142690311469433,1.0,0.0,1.0,0.0,0.0,0.0,0.0,1.0,0.0,0.0,0.0,1.0
1.2076880959506555,0.3352865651275554,0.7424165092475823,-0.04079296254825749,0.6927592896553647,0.24458036018719223,-0.08627870477056564,0.4487917418535161,-1.0510955860818318,1.0,0.0,1.0,0.0,0.0,0.0,0.0,1.0,0.0,0.0,1.0,0.0
-0.12226025167061215,0.30537206217328283,-1.0341918878704863,1.4821443059200274,-1.4435028370351872,0.24458036018719223,1.3867723522878739,0.021951769981965533,1.7861514553935662,1.0,0.0,0.0,0.0,1.0,0.0,0.0,1.0,0.0,0.0,1.0,0.0
-0.7207370081001826,-1.1899133623343494,1.8239502790178808,-1.5637302310165424,-1.4435028370351872,-1.7009452322109286,-1.5593297618290052,-1.1162881550088362,1.2438789833027053,1.0,0.0,0.0,0.0,1.0,0.0,0.0,0.0,1.0,0.0,0.0,1.0
0.5427139221400217,1.0790850305651989,-0.21006761762654838,1.4821443059200274,-1.4435028370351872,0.24458036018719223,1.3867723522878739,1.5158916715323927,0.3723696531566784,0.0,1.0,0.0,0.0,0.0,1.0,1.0,0.0,0.0,0.0,1.0,0.0
-1.119721512386563,1.0823363173005407,-0.20660449316362717,1.4821443059200274,0.6927592896553647,-1.7009452322109286,-1.5593297618290052,-0.04918822532995957,1.4956483453448908,1.0,0.0,0.0,1.0,0.0,0.0,0.0,0.0,1.0,1.0,0.0,0.0
0.4097190873778949,0.5562674635657118,-0.07657511856928395,0.720675671685885,0.6927592896553647,0.24458036018719223,-0.08627870477056564,-1.4008481362565366,0.3045855941453208,0.0,1.0,1.0,0.0,0.0,0.0,1.0,0.0,0.0,0.0,0.0,1.0
0.21022683523470476,-0.48161255207273407,-0.8238070767480223,-0.04079296254825749,0.6927592896553647,0.24458036018719223,-0.08627870477056564,1.3024716855966174,-1.3028649481240175,0.0,1.0,0.0,0.0,1.0,0.0,1.0,0.0,0.0,1.0,0.0,0.0
-0.6542395907191192,-1.5646374835281402,-1.768303308344562,-1.5637302310165424,0.6927592896553647,0.24458036018719223,-0.08627870477056564,0.37765174654159106,-1.6417852431808058,1.0,0.0,0.0,1.0,0.0,0.0,0.0,1.0,0.0,0.0,0.0,1.0
-0.05576283428954877,2.0768303099460637,0.8526857984989249,1.4821443059200274,0.6927592896553647,0.24458036018719223,-0.08627870477056564,-0.04918822532995957,1.6990005223789637,0.0,1.0,0.0,0.0,0.0,1.0,0.0,0.0,1.0,0.0,1.0,0.0
-0.8537318428623094,-0.14407835415082543,-0.6777597377174509,0.33994135456881375,0.6927592896553647,0.24458036018719223,-0.08627870477056564,1.2313316902846922,-0.5572402989990834,0.0,1.0,0.0,0.0,0.0,1.0,0.0,1.0,0.0,1.0,0.0,0.0
-0.4547473385759291,0.23802778692566792,0.555944288678928,-0.04079296254825749,0.6927592896553647,0.24458036018719223,-0.08627870477056564,-0.4048882018895851,-0.47008936598448076,1.0,0.0,0.0,1.0,0.0,0.0,1.0,0.0,0.0,0.0,0.0,1.0
1.0746932611885287,-1.6220946491133625,-2.3191104155455737,-1.5637302310165424,-1.4435028370351872,0.24458036018719223,1.3867723522878739,1.0890516996608421,1.6408999003692286,1.0,0.0,1.0,0.0,0.0,0.0,1.0,0.0,0.0,0.0,0.0,1.0
-0.5877421733380558,0.2783757223134357,0.6333025410260835,-0.04079296254825749,0.6927592896553647,0.24458036018719223,-0.08627870477056564,-0.04918822532995957,-0.5766071730023284,1.0,0.0,0.0,0.0,1.0,0.0,0.0,0.0,1.0,0.0,0.0,1.0
-0.787234425481246,0.02324298820855291,0.14414188789167798,-0.04079296254825749,0.6927592896553647,0.24458036018719223,-0.08627870477056564,-0.9028681690730608,-1.4674833771516003,0.0,1.0,0.0,0.0,1.0,0.0,0.0,0.0,1.0,1.0,0.0,0.0
1.7396674349991625,1.0416419333262203,0.11671330345435504,1.1014099888029563,0.6927592896553647,0.24458036018719223,-0.08627870477056564,-1.2585681456326863,-1.4577999401499777,1.0,0.0,1.0,0.0,0.0,0.0,1.0,0.0,0.0,0.0,0.0,1.0
0.7422061742832118,0.5980811429735103,1.2462670550833126,-0.04079296254825749,0.6927592896553647,0.24458036018719223,-0.08627870477056564,0.23537175591774084,1.5827992783594933,0.0,1.0,1.0,0.0,0.0,0.0,0.0,0.0,1.0,0.0,1.0,0.0
0.14372941785364138,0.5764147813683224,-0.745489368607041,1.4821443059200274,0.6927592896553647,0.24458036018719223,-0.08627870477056564,-1.4008481362565366,0.18838435012585056,0.0,1.0,0.0,0.0,1.0,0.0,0.0,0.0,1.0,0.0,1.0,0.0
-0.3217525038138023,-1.6657205211277453,-2.7373252738424463,-1.5637302310165424,0.6927592896553647,0.24458036018719223,-0.08627870477056564,-1.1162881550088362,0.1496506021193605,0.0,1.0,1.0,0.0,0.0,0.0,0.0,1.0,0.0,0.0,1.0,0.0
-1.65170085143507,-0.19210145822530136,0.4598979380517392,-0.4215272796653287,0.6927592896553647,0.24458036018719223,-0.08627870477056564,0.8756317137250668,-0.9542612160656068,1.0,0.0,1.0,0.0,0.0,0.0,0.0,0.0,1.0,1.0,0.0,0.0
-0.787234425481246,2.3211032133570786,1.1128743134754489,1.4821443059200274,0.6927592896553647,0.24458036018719223,-0.08627870477056564,0.8044917184131416,-0.9833115270704743,0.0,1.0,1.0,0.0,0.0,0.0,0.0,1.0,0.0,1.0,0.0,0.0
-1.1862189297676262,1.205512114765707,0.31307884741185865,1.1014099888029563,0.6927592896553647,0.24458036018719223,-0.08627870477056564,-1.5431281268803867,-0.3538881219650105,0.0,1.0,0.0,0.0,0.0,1.0,0.0,0.0,1.0,1.0,0.0,0.0
-0.9867266776244361,0.11815657597839051,-0.2587784502361613,0.33994135456881375,0.6927592896553647,0.24458036018719223,-0.08627870477056564,1.017911704348917,0.6435058892021089,0.0,1.0,0.0,0.0,0.0,1.0,1.0,0.0,0.0,0.0,0.0,1.0
-1.5187060166729431,-1.0760250519779262,2.9157286522198858,-1.5637302310165424,0.6927592896553647,0.24458036018719223,-0.08627870477056564,-0.4048882018895851,1.10831086527999,1.0,0.0,1.0,0.0,0.0,0.0,0.0,0.0,1.0,0.0,1.0,0.0
0.8752010090453386,-0.483384769842408,-0.23819131075473843,-0.4215272796653287,-1.4435028370351872,0.24458036018719223,1.3867723522878739,0.8756317137250668,-1.7192527391937857,0.0,1.0,0.0,0.0,1.0,0.0,0.0,1.0,0.0,0.0,0.0,1.0
0.8087035916642752,0.7729843794001406,-0.5361122699307548,1.4821443059200274,0.6927592896553647,0.24458036018719223,-0.08627870477056564,-1.6854081175042368,-1.496533688156468,1.0,0.0,0.0,1.0,0.0,0.0,0.0,0.0,1.0,0.0,0.0,1.0
-0.3217525038138023,1.784787476427668,0.5416149015569393,1.4821443059200274,0.6927592896553647,2.190105952585313,1.3867723522878739,0.5910717324773663,1.5537489673546259,0.0,1.0,0.0,0.0,1.0,0.0,0.0,0.0,1.0,0.0,0.0,1.0
-0.9202292602433727,-0.9743157419333986,0.35374749600998495,-1.1829959138994712,0.6927592896553647,-1.7009452322109286,-1.5593297618290052,1.017911704348917,-0.847743409047759,1.0,0.0,1.0,0.0,0.0,0.0,0.0,0.0,1.0,0.0,1.0,0.0
-0.5877421733380558,1.1255890908370974,0.7031023417497733,0.720675671685885,-1.4435028370351872,0.24458036018719223,1.3867723522878739,0.09309176529389064,-0.7024918540234213,0.0,1.0,0.0,0.0,1.0,0.0,0.0,0.0,1.0,1.0,0.0,0.0
0.47621650475895827,1.227631524522541,0.33958452337294615,1.1014099888029563,0.6927592896553647,0.24458036018719223,-0.08627870477056564,1.5870316668443178,-1.5159005621597128,0.0,1.0,0.0,0.0,1.0,0.0,0.0,0.0,1.0,0.0,0.0,1.0
0.7422061742832118,1.1732657463250211,0.2744380426975022,1.1014099888029563,0.6927592896553647,0.24458036018719223,-0.08627870477056564,0.09309176529389064,-0.8961605940558717,1.0,0.0,0.0,0.0,0.0,1.0,0.0,1.0,0.0,0.0,0.0,1.0
-1.319213764529753,1.4767680330909325,0.21352643809428726,1.4821443059200274,0.6927592896553647,0.24458036018719223,-0.08627870477056564,-0.26260821126573486,1.7183673963822086,0.0,1.0,0.0,0.0,0.0,1.0,1.0,0.0,0.0,0.0,0.0,1.0
1.4071803480938456,0.5111491976400244,-0.13836390948442556,0.720675671685885,-1.4435028370351872,-1.7009452322109286,-1.5593297618290052,0.37765174654159106,0.3045855941453208,0.0,1.0,0.0,1.0,0.0,0.0,0.0,0.0,1.0,0.0,0.0,1.0
-1.319213764529753,-1.5736584717241504,-1.8547820679862794,-1.5637302310165424,-1.4435028370351872,-1.7009452322109286,-1.5593297618290052,-0.7605881784492106,0.9630593102556522,1.0,0.0,1.0,0.0,0.0,0.0,1.0,0.0,0.0,0.0,1.0,0.0
1.2741855133317188,-1.1572539205789272,2.137036600852222,-1.5637302310165424,-1.4435028370351872,0.24458036018719223,1.3867723522878739,0.5199317371654413,-1.0510955860818318,0.0,1.0,0.0,0.0,1.0,0.0,0.0,1.0,0.0,1.0,0.0,0.0
-0.5212447559569925,0.09980812583672712,0.29093862434701206,-0.04079296254825749,0.6927592896553647,0.24458036018719223,-0.08627870477056564,0.021951769981965533,-0.7993262240396465,1.0,0.0,1.0,0.0,0.0,0.0,0.0,1.0,0.0,1.0,0.0,0.0
-0.3882499211948657,-0.4376002566348886,0.8898008414109694,-0.8022615967823999,0.6927592896553647,0.24458036018719223,-0.08627870477056564,0.021951769981965533,-0.3926218699715006,0.0,1.0,0.0,1.0,0.0,0.0,1.0,0.0,0.0,0.0,1.0,0.0
1.473677765474909,0.4520397387958578,-0.21931343000999126,0.720675671685885,0.6927592896553647,0.24458036018719223,-0.08627870477056564,0.5199317371654413,-0.9542612160656068,1.0,0.0,0.0,0.0,0.0,1.0,0.0,1.0,0.0,1.0,0.0,0.0
0.7422061742832118,-0.8075140724538497,-0.29224585795570335,-0.8022615967823999,-1.4435028370351872,0.24458036018719223,1.3867723522878739,1.4447516762204675,-1.6998858651905409,0.0,1.0,0.0,0.0,1.0,0.0,0.0,1.0,0.0,0.0,0.0,1.0
-0.8537318428623094,-0.7886459494323574,-1.4124757856592332,-0.04079296254825749,0.6927592896553647,2.190105952585313,1.3867723522878739,-0.9028681690730608,0.6531893262037315,0.0,1.0,0.0,1.0,0.0,0.0,0.0,1.0,0.0,1.0,0.0,0.0
1.473677765474909,2.578794337024198,1.3873553134280459,1.4821443059200274,0.6927592896553647,0.24458036018719223,-0.08627870477056564,1.4447516762204675,1.6893170853773412,0.0,1.0,1.0,0.0,0.0,0.0,0.0,1.0,0.0,1.0,0.0,0.0
-1.65170085143507,-0.8926604750720251,0.7451373328522622,-1.1829959138994712,0.6927592896553647,0.24458036018719223,-0.08627870477056564,-0.4760281972015102,0.23680153513396315,0.0,1.0,0.0,0.0,0.0,1.0,0.0,1.0,0.0,0.0,0.0,1.0
0.47621650475895827,1.0283836124177568,-0.2640724888618566,1.4821443059200274,0.6927592896553647,2.190105952585313,1.3867723522878739,0.021951769981965533,-1.5062171251580905,1.0,0.0,1.0,0.0,0.0,0.0,0.0,1.0,0.0,0.0,0.0,1.0
0.941698426426402,1.009102416081528,0.5435755815075513,0.720675671685885,0.6927592896553647,2.190105952585313,1.3867723522878739,0.8756317137250668,1.1373611762848574,1.0,0.0,0.0,0.0,1.0,0.0,0.0,0.0,1.0,1.0,0.0,0.0
-1.1862189297676262,-0.9459869075098869,0.4895331998491954,-1.1829959138994712,0.6927592896553647,2.190105952585313,1.3867723522878739,-0.9028681690730608,1.3988139753286655,0.0,1.0,0.0,0.0,1.0,0.0,0.0,1.0,0.0,0.0,1.0,0.0
-0.3217525038138023,0.6038241945429051,0.5171885195869088,0.33994135456881375,-1.4435028370351872,-1.7009452322109286,-1.5593297618290052,0.7333517231012165,1.7280508333838311,0.0,1.0,0.0,0.0,0.0,1.0,0.0,1.0,0.0,0.0,1.0,0.0
1.7396674349991625,0.18816584035333453,-0.14692236871041478,0.33994135456881375,-1.4435028370351872,-1.7009452322109286,-1.5593297618290052,0.23537175591774084,-0.344204684963388,1.0,0.0,0.0,1.0,0.0,0.0,0.0,0.0,1.0,0.0,1.0,0.0
-0.4547473385759291,0.4226449087214143,0.909906833682176,-0.04079296254825749,0.6927592896553647,-1.7009452322109286,-1.5593297618290052,1.3736116809085424,1.0792605542751224,1.0,0.0,1.0,0.0,0.0,0.0,0.0,0.0,1.0,0.0,0.0,1.0
-0.12226025167061215,-0.03950418079441866,-0.8924754820090018,0.720675671685885,0.6927592896553647,0.24458036018719223,-0.08627870477056564,-0.4760281972015102,-0.8671102830510041,1.0,0.0,0.0,0.0,0.0,1.0,0.0,1.0,0.0,1.0,0.0,0.0
-1.5187060166729431,-0.5179630037695074,-0.32106146631982585,-0.4215272796653287,-1.4435028370351872,0.24458036018719223,1.3867723522878739,0.8044917184131416,0.7984408812280693,0.0,1.0,0.0,0.0,0.0,1.0,0.0,0.0,1.0,1.0,0.0,0.0
1.7396674349991625,-0.21708573129401507,0.4000206580191609,-0.4215272796653287,0.6927592896553647,0.24458036018719223,-0.08627870477056564,1.3736116809085424,-1.1866637041045471,0.0,1.0,0.0,0.0,0.0,1.0,0.0,0.0,1.0,0.0,0.0,1.0
-0.2552550864327389,-0.8022240690361009,-1.00232120761848,-0.4215272796653287,-1.4435028370351872,0.24458036018719223,1.3867723522878739,-1.8276881081280871,0.7016065112118441,0.0,1.0,1.0,0.0,0.0,0.0,1.0,0.0,0.0,0.0,0.0,1.0
0.47621650475895827,-0.18813062442558082,0.4694144337582495,-0.4215272796653287,-1.4435028370351872,0.24458036018719223,1.3867723522878739,0.30651175122966595,1.2245121092994602,1.0,0.0,1.0,0.0,0.0,0.0,0.0,1.0,0.0,0.0,0.0,1.0
-1.5852034340540067,-1.4328404462360633,-0.5048447978331503,-1.5637302310165424,0.6927592896553647,0.24458036018719223,-0.08627870477056564,-0.6183081878253603,1.5440655303530033,0.0,1.0,1.0,0.0,0.0,0.0,1.0,0.0,0.0,1.0,0.0,0.0
-0.18875766905167554,-0.9278250066071368,0.5765867813792254,-1.1829959138994712,-1.4435028370351872,-1.7009452322109286,-1.5593297618290052,-1.8276881081280871,-0.17958625593580518,0.0,1.0,0.0,0.0,0.0,1.0,1.0,0.0,0.0,1.0,0.0,0.0
-0.3882499211948657,-1.5022101132204484,-1.169849853512294,-1.5637302310165424,0.6927592896553647,0.24458036018719223,-0.08627870477056564,-0.33374820657765997,0.604772141195619,0.0,1.0,0.0,1.0,0.0,0.0,0.0,0.0,1.0,0.0,1.0,0.0
1.2741855133317188,-1.252833755630597,-1.7152493770232529,-0.8022615967823999,0.6927592896553647,0.24458036018719223,-0.08627870477056564,-1.6142681221923119,-0.024651263909844866,1.0,0.0,0.0,0.0,0.0,1.0,1.0,0.0,0.0,1.0,0.0,0.0
1.0746932611885287,-0.05213622925796017,-0.000381108649886479,-0.04079296254825749,0.6927592896553647,-1.7009452322109286,-1.5593297618290052,0.9467717090369918,0.4595205861712811,1.0,0.0,0.0,0.0,1.0,0.0,0.0,1.0,0.0,0.0,0.0,1.0
0.4097190873778949,-1.3528241476879972,0.2622230775708563,-1.5637302310165424,-1.4435028370351872,0.24458036018719223,1.3867723522878739,-1.045148159696911,-0.9252109050607392,0.0,1.0,0.0,0.0,1.0,0.0,0.0,0.0,1.0,1.0,0.0,0.0
1.4071803480938456,1.2462464735769374,-0.032014763580044805,1.4821443059200274,0.6927592896553647,0.24458036018719223,-0.08627870477056564,-1.8276881081280871,-0.49913967698934836,1.0,0.0,0.0,1.0,0.0,0.0,0.0,1.0,0.0,1.0,0.0,0.0
1.141190678569592,0.08797557411138462,-1.0260645450607313,1.1014099888029563,-1.4435028370351872,-1.7009452322109286,-1.5593297618290052,-1.4719881315684615,0.24648497213558568,0.0,1.0,0.0,0.0,0.0,1.0,0.0,0.0,1.0,0.0,0.0,1.0
0.07723200047257799,0.4972512793410016,0.3469135024489339,0.33994135456881375,0.6927592896553647,0.24458036018719223,-0.08627870477056564,-1.187428150320761,-0.7993262240396465,1.0,0.0,0.0,0.0,0.0,1.0,0.0,1.0,0.0,0.0,0.0,1.0
0.010734583091514609,-0.37646540605395135,-0.6222106536068722,-0.04079296254825749,0.6927592896553647,0.24458036018719223,-0.08627870477056564,0.23537175591774084,0.3723696531566784,0.0,1.0,1.0,0.0,0.0,0.0,1.0,0.0,0.0,0.0,1.0,0.0
-0.3217525038138023,1.0427878786509723,1.2185350924271585,0.33994135456881375,0.6927592896553647,0.24458036018719223,-0.08627870477056564,-1.2585681456326863,0.3723696531566784,0.0,1.0,1.0,0.0,0.0,0.0,1.0,0.0,0.0,0.0,1.0,0.0
-0.9867266776244361,0.3390308748514535,-0.3740773803204797,0.720675671685885,0.6927592896553647,0.24458036018719223,-0.08627870477056564,0.6622117277892915,0.2077512241290956,1.0,0.0,0.0,1.0,0.0,0.0,1.0,0.0,0.0,0.0,1.0,0.0
-0.9202292602433727,0.6726741886474611,0.6271923972503145,0.33994135456881375,0.6927592896553647,0.24458036018719223,-0.08627870477056564,1.3736116809085424,-0.6734415430185536,0.0,1.0,0.0,0.0,1.0,0.0,1.0,0.0,0.0,1.0,0.0,0.0
-1.0532240950054994,1.4800459697175476,0.6420526075481768,1.1014099888029563,-1.4435028370351872,0.24458036018719223,1.3867723522878739,0.37765174654159106,-0.4894562399877258,0.0,1.0,0.0,0.0,1.0,0.0,0.0,1.0,0.0,0.0,0.0,1.0
-1.5187060166729431,0.8736276937937365,-0.08461806292718385,1.1014099888029563,-1.4435028370351872,0.24458036018719223,1.3867723522878739,-1.6142681221923119,-0.7509090390315338,1.0,0.0,0.0,0.0,0.0,1.0,0.0,1.0,0.0,0.0,1.0,0.0
0.7422061742832118,1.1344901545223776,0.2279732733922215,1.1014099888029563,-1.4435028370351872,-1.7009452322109286,-1.5593297618290052,-0.12032822064188467,-1.2834980741207724,1.0,0.0,0.0,1.0,0.0,0.0,1.0,0.0,0.0,0.0,0.0,1.0
1.7396674349991625,0.7969559566004689,-0.17649376140917075,1.1014099888029563,0.6927592896553647,2.190105952585313,1.3867723522878739,-0.6183081878253603,0.8468580662361819,0.0,1.0,1.0,0.0,0.0,0.0,0.0,1.0,0.0,0.0,0.0,1.0
1.0081958438074654,-0.439052675709283,-0.7422079162470927,-0.04079296254825749,-1.4435028370351872,0.24458036018719223,1.3867723522878739,-1.756548112816162,-1.39001588113862,1.0,0.0,0.0,0.0,0.0,1.0,0.0,1.0,0.0,0.0,0.0,1.0
1.141190678569592,-1.519865666189006,-1.3391029650710464,-1.5637302310165424,0.6927592896553647,0.24458036018719223,-0.08627870477056564,0.6622117277892915,0.2077512241290956,0.0,1.0,1.0,0.0,0.0,0.0,0.0,0.0,1.0,0.0,1.0,0.0
-1.2527163471486897,0.8985053672973567,1.8222641348121633,-0.04079296254825749,0.6927592896553647,2.190105952585313,1.3867723522878739,-1.2585681456326863,-0.11180219692444754,0.0,1.0,0.0,1.0,0.0,0.0,1.0,0.0,0.0,1.0,0.0,0.0
1.3406829307127823,-0.14984805561149356,1.809302965715689,-0.8022615967823999,0.6927592896553647,0.24458036018719223,-0.08627870477056564,-1.045148159696911,-0.024651263909844866,1.0,0.0,1.0,0.0,0.0,0.0,0.0,0.0,1.0,0.0,0.0,1.0
-1.119721512386563,-1.288491310154265,0.878943094631729,-1.5637302310165424,0.6927592896553647,0.24458036018719223,-0.08627870477056564,-1.3297081409446114,1.4569145973384006,1.0,0.0,0.0,0.0,0.0,1.0,1.0,0.0,0.0,0.0,1.0,0.0
-0.5877421733380558,-0.9201764878117012,0.613247644033839,-1.1829959138994712,-1.4435028370351872,-1.7009452322109286,-1.5593297618290052,0.09309176529389064,-1.593368058172693,1.0,0.0,0.0,0.0,0.0,1.0,1.0,0.0,0.0,1.0,0.0,0.0
-0.5877421733380558,-0.9910918484899375,-1.800621072287479,-0.04079296254825749,0.6927592896553647,0.24458036018719223,-0.08627870477056564,-0.8317281737611357,-0.1505359449309376,0.0,1.0,1.0,0.0,0.0,0.0,0.0,0.0,1.0,0.0,0.0,1.0
0.8087035916642752,0.5836102520121117,0.48489204534355973,0.33994135456881375,0.6927592896553647,0.24458036018719223,-0.08627870477056564,-1.045148159696911,-1.0801458970866995,0.0,1.0,0.0,0.0,0.0,1.0,1.0,0.0,0.0,0.0,1.0,0.0
0.21022683523470476,0.1281636101515125,0.3453040011616585,-0.04079296254825749,0.6927592896553647,0.24458036018719223,-0.08627870477056564,0.23537175591774084,-0.3151543739585205,1.0,0.0,0.0,0.0,1.0,0.0,0.0,0.0,1.0,0.0,1.0,0.0
-1.4522085992918798,1.5477633434429887,0.28914745095676403,1.4821443059200274,-1.4435028370351872,-1.7009452322109286,-1.5593297618290052,-0.33374820657765997,-0.3345212479617655,1.0,0.0,0.0,1.0,0.0,0.0,0.0,0.0,1.0,0.0,0.0,1.0
-1.5852034340540067,0.3926904309302315,-0.6609249077847357,1.1014099888029563,0.6927592896553647,0.24458036018719223,-0.08627870477056564,0.021951769981965533,-0.9639446530672293,0.0,1.0,1.0,0.0,0.0,0.0,0.0,1.0,0.0,1.0,0.0,0.0
-0.05576283428954877,0.17717276020310063,-0.9191796083839114,1.1014099888029563,-1.4435028370351872,-1.7009452322109286,-1.5593297618290052,-1.6142681221923119,-0.586290610003951,1.0,0.0,0.0,0.0,1.0,0.0,1.0,0.0,0.0,1.0,0.0,0.0
-0.6542395907191192,0.5506176866157734,-0.47168076833244005,1.1014099888029563,0.6927592896553647,0.24458036018719223,-0.08627870477056564,-0.9740081643849858,-0.7509090390315338,0.0,1.0,0.0,0.0,0.0,1.0,0.0,1.0,0.0,0.0,0.0,1.0
1.473677765474909,-1.1300177316976203,-1.3227950552026182,-0.8022615967823999,-1.4435028370351872,-1.7009452322109286,-1.5593297618290052,-1.8276881081280871,-0.5959740470055735,0.0,1.0,0.0,0.0,1.0,0.0,0.0,0.0,1.0,0.0,1.0,0.0
0.27672425261576816,1.41700565191057,0.14987023638854244,1.4821443059200274,0.6927592896553647,0.24458036018719223,-0.08627870477056564,1.5870316668443178,0.7403402592183342,0.0,1.0,0.0,0.0,1.0,0.0,1.0,0.0,0.0,1.0,0.0,0.0
-0.3882499211948657,0.2934728857197568,0.02133012696868198,0.33994135456881375,0.6927592896553647,0.24458036018719223,-0.08627870477056564,-0.4760281972015102,-1.1479299560980571,0.0,1.0,1.0,0.0,0.0,0.0,0.0,0.0,1.0,1.0,0.0,0.0
1.2076880959506555,-0.4564417297651075,2.836020017040519,-1.1829959138994712,-1.4435028370351872,-1.7009452322109286,-1.5593297618290052,1.2313316902846922,-0.42167218097636816,1.0,0.0,0.0,1.0,0.0,0.0,0.0,0.0,1.0,0.0,0.0,1.0
0.3432216699968315,1.1400200069615862,0.23459969238249356,1.1014099888029563,0.6927592896553647,2.190105952585313,1.3867723522878739,0.7333517231012165,1.7377342703854537,1.0,0.0,0.0,0.0,0.0,1.0,0.0,0.0,1.0,0.0,0.0,1.0
-0.2552550864327389,-1.2199211399080787,-0.8234877312545148,-1.1829959138994712,0.6927592896553647,2.190105952585313,1.3867723522878739,-1.8276881081280871,1.2148286722978376,0.0,1.0,0.0,0.0,1.0,0.0,0.0,0.0,1.0,1.0,0.0,0.0
-1.1862189297676262,-0.4272734237664871,0.9227998757400347,-0.8022615967823999,0.6927592896553647,0.24458036018719223,-0.08627870477056564,-0.4048882018895851,0.624139015198864,0.0,1.0,1.0,0.0,0.0,0.0,1.0,0.0,0.0,1.0,0.0,0.0
0.07723200047257799,-0.12770199596338586,-0.651594696949437,0.33994135456881375,-1.4435028370351872,0.24458036018719223,1.3867723522878739,0.37765174654159106,-0.9833115270704743,1.0,0.0,0.0,1.0,0.0,0.0,1.0,0.0,0.0,0.0,0.0,1.0
0.14372941785364138,2.3224357079207434,1.1142936267799244,1.4821443059200274,0.6927592896553647,-1.7009452322109286,-1.5593297618290052,1.3024716855966174,1.7667845813903214,1.0,0.0,0.0,1.0,0.0,0.0,1.0,0.0,0.0,1.0,0.0,0.0
0.27672425261576816,0.34975745608895437,-0.3593874876191539,0.720675671685885,0.6927592896553647,0.24458036018719223,-0.08627870477056564,0.16423176060581574,-1.5740011841694481,1.0,0.0,1.0,0.0,0.0,0.0,1.0,0.0,0.0,0.0,0.0,1.0
0.14372941785364138,0.2419986207253888,-0.06091198245917507,0.33994135456881375,0.6927592896553647,0.24458036018719223,-0.08627870477056564,-1.3297081409446114,0.07218310610638033,1.0,0.0,0.0,0.0,1.0,0.0,0.0,1.0,0.0,1.0,0.0,0.0
0.27672425261576816,-1.3577277276822834,-1.4840219500245595,-1.1829959138994712,-1.4435028370351872,0.24458036018719223,1.3867723522878739,1.160191694972767,-0.6637581060169312,0.0,1.0,1.0,0.0,0.0,0.0,0.0,1.0,0.0,1.0,0.0,0.0
1.2741855133317188,0.31563227031350116,0.704733741013747,-0.04079296254825749,-1.4435028370351872,-1.7009452322109286,-1.5593297618290052,1.3024716855966174,-1.35128213313213,1.0,0.0,0.0,0.0,0.0,1.0,0.0,1.0,0.0,1.0,0.0,0.0
-1.0532240950054994,0.9635710768411047,-0.3331078879915652,1.4821443059200274,-1.4435028370351872,-1.7009452322109286,-1.5593297618290052,-1.045148159696911,-1.23508088911266,1.0,0.0,1.0,0.0,0.0,0.0,1.0,0.0,0.0,0.0,1.0,0.0
0.21022683523470476,1.6068061775589721,0.35203722347809185,1.4821443059200274,0.6927592896553647,0.24458036018719223,-0.08627870477056564,-0.7605881784492106,-1.6708355541856732,0.0,1.0,0.0,1.0,0.0,0.0,0.0,0.0,1.0,0.0,0.0,1.0
0.6757087569021484,0.18158331720883078,0.4477244878392489,-0.04079296254825749,0.6927592896553647,0.24458036018719223,-0.08627870477056564,0.16423176060581574,0.10123341711124789,1.0,0.0,0.0,0.0,1.0,0.0,0.0,1.0,0.0,0.0,0.0,1.0
0.21022683523470476,0.475211819257987,0.31170033936488584,0.33994135456881375,-1.4435028370351872,-1.7009452322109286,-1.5593297618290052,-0.6894481831372855,1.7280508333838311,0.0,1.0,0.0,0.0,0.0,1.0,0.0,0.0,1.0,0.0,1.0,0.0
0.010734583091514609,-0.01963668685017767,-0.4789352334599425,0.33994135456881375,0.6927592896553647,0.24458036018719223,-0.08627870477056564,-1.4719881315684615,1.7183673963822086,0.0,1.0,0.0,1.0,0.0,0.0,1.0,0.0,0.0,0.0,0.0,1.0
1.0081958438074654,1.0368049780601174,0.581513826136192,0.720675671685885,0.6927592896553647,0.24458036018719223,-0.08627870477056564,0.9467717090369918,1.2245121092994602,1.0,0.0,0.0,0.0,0.0,1.0,0.0,1.0,0.0,0.0,1.0,0.0
1.6731700176180992,-1.3281330234232902,0.4989219573583037,-1.5637302310165424,0.6927592896553647,0.24458036018719223,-0.08627870477056564,-1.2585681456326863,-0.10211875992282503,0.0,1.0,0.0,1.0,0.0,0.0,1.0,0.0,0.0,1.0,0.0,0.0
-0.2552550864327389,1.898915635805551,1.1439838869679306,1.1014099888029563,0.6927592896553647,0.24458036018719223,-0.08627870477056564,-0.7605881784492106,0.6338224522004865,0.0,1.0,0.0,0.0,1.0,0.0,1.0,0.0,0.0,0.0,0.0,1.0
-0.4547473385759291,-1.2605622240998524,-1.018288482293834,-1.1829959138994712,0.6927592896553647,0.24458036018719223,-0.08627870477056564,-0.12032822064188467,-0.9155274680591167,0.0,1.0,0.0,0.0,1.0,0.0,1.0,0.0,0.0,0.0,1.0,0.0
0.5427139221400217,1.380348726464154,0.11082492738241076,1.4821443059200274,0.6927592896553647,0.24458036018719223,-0.08627870477056564,-0.7605881784492106,-0.1892696929374277,0.0,1.0,0.0,0.0,0.0,1.0,1.0,0.0,0.0,0.0,0.0,1.0
0.5427139221400217,-1.1948169423286357,1.7769426223736384,-1.5637302310165424,-1.4435028370351872,-1.7009452322109286,-1.5593297618290052,0.021951769981965533,-1.128563082094812,0.0,1.0,0.0,0.0,0.0,1.0,0.0,1.0,0.0,1.0,0.0,0.0
-0.9867266776244361,1.3694222710421031,1.0370282380746907,0.720675671685885,0.6927592896553647,0.24458036018719223,-0.08627870477056564,-0.33374820657765997,0.11091685411287042,0.0,1.0,0.0,0.0,1.0,0.0,1.0,0.0,0.0,1.0,0.0,0.0
-1.1862189297676262,-1.427110719612305,-0.4499173729499328,-1.5637302310165424,-1.4435028370351872,-1.7009452322109286,-1.5593297618290052,1.0890516996608421,-0.06338501191633494,1.0,0.0,1.0,0.0,0.0,0.0,0.0,1.0,0.0,1.0,0.0,0.0
0.8752010090453386,1.226059180937417,-0.053517360142854915,1.4821443059200274,0.6927592896553647,0.24458036018719223,-0.08627870477056564,-1.4008481362565366,0.38205309015830097,0.0,1.0,0.0,1.0,0.0,0.0,0.0,1.0,0.0,1.0,0.0,0.0
0.07723200047257799,0.6474633915029249,0.048316341862856674,0.720675671685885,-1.4435028370351872,0.24458036018719223,1.3867723522878739,-0.9028681690730608,-0.8864771570542491,0.0,1.0,0.0,0.0,1.0,0.0,0.0,1.0,0.0,1.0,0.0,0.0
1.473677765474909,-1.333876074992685,-1.3696962633490248,-1.1829959138994712,0.6927592896553647,0.24458036018719223,-0.08627870477056564,-0.5471681925134353,-1.0123618380753419,0.0,1.0,0.0,1.0,0.0,0.0,0.0,1.0,0.0,1.0,0.0,0.0
0.07723200047257799,1.2439412579817974,0.8651838659400533,0.720675671685885,-1.4435028370351872,0.24458036018719223,1.3867723522878739,0.7333517231012165,-1.6224183691775607,0.0,1.0,1.0,0.0,0.0,0.0,1.0,0.0,0.0,0.0,0.0,1.0
0.6092113395210851,0.31960310411322207,-1.0190336217786835,1.4821443059200274,-1.4435028370351872,-1.7009452322109286,-1.5593297618290052,0.5910717324773663,1.6021661523627384,1.0,0.0,1.0,0.0,0.0,0.0,0.0,0.0,1.0,1.0,0.0,0.0
-0.787234425481246,0.8276299814560308,0.295051794303384,0.720675671685885,0.6927592896553647,0.24458036018719223,-0.08627870477056564,0.9467717090369918,-0.04401813791308991,0.0,1.0,0.0,0.0,0.0,1.0,1.0,0.0,0.0,0.0,1.0,0.0
-1.5852034340540067,2.7996419860059873,1.6225923005118834,1.4821443059200274,-1.4435028370351872,0.24458036018719223,1.3867723522878739,0.37765174654159106,-0.1408525079293151,1.0,0.0,0.0,0.0,0.0,1.0,0.0,0.0,1.0,0.0,0.0,1.0
0.5427139221400217,0.10376563469081167,0.29852627327274095,-0.04079296254825749,0.6927592896553647,0.24458036018719223,-0.08627870477056564,-0.6894481831372855,-0.7509090390315338,1.0,0.0,0.0,0.0,0.0,1.0,0.0,1.0,0.0,0.0,1.0,0.0
-0.4547473385759291,-0.5019064442773477,-0.8627161316769248,-0.04079296254825749,0.6927592896553647,0.24458036018719223,-0.08627870477056564,0.23537175591774084,1.776468018391944,0.0,1.0,1.0,0.0,0.0,0.0,1.0,0.0,0.0,0.0,0.0,1.0
0.3432216699968315,1.319507024687223,0.04601908190004003,1.4821443059200274,0.6927592896553647,-1.7009452322109286,-1.5593297618290052,-0.19146821595380978,1.5150152193481357,1.0,0.0,1.0,0.0,0.0,0.0,0.0,0.0,1.0,1.0,0.0,0.0
0.14372941785364138,0.725507598096767,-0.26211028821841875,1.1014099888029563,-1.4435028370351872,-1.7009452322109286,-1.5593297618290052,0.16423176060581574,-0.2957874999552754,0.0,1.0,0.0,0.0,0.0,1.0,0.0,1.0,0.0,0.0,0.0,1.0
-0.6542395907191192,0.9651700703175027,1.094522592448576,0.33994135456881375,0.6927592896553647,0.24458036018719223,-0.08627870477056564,-0.4760281972015102,-0.1505359449309376,1.0,0.0,0.0,0.0,0.0,1.0,0.0,1.0,0.0,0.0,1.0,0.0
1.4071803480938456,1.1672162210059829,-0.11619423566851189,1.4821443059200274,0.6927592896553647,0.24458036018719223,-0.08627870477056564,-0.04918822532995957,0.5079377711793938,0.0,1.0,0.0,1.0,0.0,0.0,0.0,1.0,0.0,0.0,1.0,0.0
-0.8537318428623094,-1.3674016382144893,-1.5303909156817874,-1.1829959138994712,-1.4435028370351872,0.24458036018719223,1.3867723522878739,-0.9028681690730608,0.47888746017452616,1.0,0.0,0.0,1.0,0.0,0.0,0.0,0.0,1.0,0.0,0.0,1.0
0.6757087569021484,-0.785181463566829,-0.2208827850066548,-0.8022615967823999,-1.4435028370351872,-1.7009452322109286,-1.5593297618290052,-1.5431281268803867,0.6531893262037315,1.0,0.0,0.0,1.0,0.0,0.0,1.0,0.0,0.0,0.0,1.0,0.0
-0.5877421733380558,-0.23508773284912535,-0.351150198718063,-0.04079296254825749,0.6927592896553647,2.190105952585313,1.3867723522878739,-0.26260821126573486,-0.42167218097636816,0.0,1.0,1.0,0.0,0.0,0.0,0.0,1.0,0.0,0.0,1.0,0.0
-1.4522085992918798,-0.48995396804127517,-0.8397998990628566,-0.04079296254825749,0.6927592896553647,0.24458036018719223,-0.08627870477056564,-1.756548112816162,-0.49913967698934836,0.0,1.0,0.0,0.0,0.0,1.0,0.0,1.0,0.0,0.0,0.0,1.0
1.141190678569592,1.4408439796545323,0.595076885453286,1.1014099888029563,0.6927592896553647,0.24458036018719223,-0.08627870477056564,-1.187428150320761,0.5273046451826388,1.0,0.0,0.0,0.0,1.0,0.0,0.0,0.0,1.0,0.0,1.0,0.0
0.4097190873778949,-0.7488443368156924,-0.10476876356748042,-0.8022615967823999,0.6927592896553647,2.190105952585313,1.3867723522878739,-0.12032822064188467,-0.9445777790639842,0.0,1.0,0.0,1.0,0.0,0.0,0.0,0.0,1.0,0.0,0.0,1.0
1.4071803480938456,-0.8999758702265443,0.7100731976651847,-1.1829959138994712,0.6927592896553647,0.24458036018719223,-0.08627870477056564,1.160191694972767,-0.36357155896663307,0.0,1.0,0.0,0.0,1.0,0.0,0.0,0.0,1.0,1.0,0.0,0.0
0.010734583091514609,-0.8037830876755886,-1.441497904109157,-0.04079296254825749,0.6927592896553647,0.24458036018719223,-0.08627870477056564,0.8044917184131416,-1.7386196131970308,0.0,1.0,1.0,0.0,0.0,0.0,0.0,1.0,0.0,1.0,0.0,0.0
0.941698426426402,1.2914979889589906,0.01618511623995652,1.4821443059200274,-1.4435028370351872,0.24458036018719223,1.3867723522878739,-0.19146821595380978,-1.1091962080915672,0.0,1.0,0.0,0.0,1.0,0.0,0.0,1.0,0.0,0.0,1.0,0.0
-1.319213764529753,-0.5929424728669208,-0.5007571755162598,-0.4215272796653287,0.6927592896553647,2.190105952585313,1.3867723522878739,-0.7605881784492106,-0.5185065509925934,1.0,0.0,0.0,1.0,0.0,0.0,1.0,0.0,0.0,1.0,0.0,0.0
1.6731700176180992,0.23457662600577642,-0.5171259130977368,0.720675671685885,0.6927592896553647,0.24458036018719223,-0.08627870477056564,1.017911704348917,-0.6347077950120636,0.0,1.0,0.0,1.0,0.0,0.0,0.0,1.0,0.0,1.0,0.0,0.0
0.6757087569021484,-0.3474569994029706,1.1778504765543565,-0.8022615967823999,-1.4435028370351872,0.24458036018719223,1.3867723522878739,-0.6183081878253603,-1.0510955860818318,0.0,1.0,0.0,1.0,0.0,0.0,1.0,0.0,0.0,1.0,0.0,0.0
-1.319213764529753,-0.7941491519802927,1.2173215795518313,-1.1829959138994712,-1.4435028370351872,0.24458036018719223,1.3867723522878739,-0.19146821595380978,0.4498371491696586,0.0,1.0,1.0,0.0,0.0,0.0,1.0,0.0,0.0,1.0,0.0,0.0
-1.1862189297676262,1.7289826041013898,0.4821740603654877,1.4821443059200274,0.6927592896553647,0.24458036018719223,-0.08627870477056564,-0.6894481831372855,-0.7315421650282888,0.0,1.0,0.0,0.0,0.0,1.0,0.0,0.0,1.0,1.0,0.0,0.0
-1.4522085992918798,-0.1548315852795996,-0.6949405252681319,0.33994135456881375,0.6927592896553647,0.24458036018719223,-0.08627870477056564,-1.756548112816162,1.2729292943075727,1.0,0.0,0.0,0.0,0.0,1.0,1.0,0.0,0.0,0.0,1.0,0.0
1.6731700176180992,-1.2548324974760943,-0.990824769852225,-1.1829959138994712,-1.4435028370351872,0.24458036018719223,1.3867723522878739,-0.9740081643849858,-1.6805189911872958,1.0,0.0,0.0,0.0,0.0,1.0,0.0,1.0,0.0,0.0,0.0,1.0
-0.05576283428954877,0.9166939180913802,1.0170706654233248,0.33994135456881375,-1.4435028370351872,-1.7009452322109286,-1.5593297618290052,1.3024716855966174,-0.4894562399877258,1.0,0.0,0.0,0.0,0.0,1.0,0.0,0.0,1.0,0.0,1.0,0.0
-1.3857111819108163,-0.5586573877438278,0.50296700027606,-0.8022615967823999,0.6927592896553647,-1.7009452322109286,-1.5593297618290052,-1.8276881081280871,0.5660383931891289,0.0,1.0,0.0,0.0,0.0,1.0,1.0,0.0,0.0,0.0,1.0,0.0
0.7422061742832118,0.8600229242987197,1.7484825519922875,-0.04079296254825749,0.6927592896553647,0.24458036018719223,-0.08627870477056564,0.8044917184131416,1.6021661523627384,1.0,0.0,1.0,0.0,0.0,0.0,0.0,0.0,1.0,1.0,0.0,0.0
0.010734583091514609,0.9111640656521716,0.4094504742345776,0.720675671685885,-1.4435028370351872,0.24458036018719223,1.3867723522878739,0.09309176529389064,0.9921096212605197,1.0,0.0,1.0,0.0,0.0,0.0,0.0,0.0,1.0,0.0,0.0,1.0
0.47621650475895827,-1.1070988252025873,-0.28270807254962554,-1.1829959138994712,0.6927592896553647,0.24458036018719223,-0.08627870477056564,0.8044917184131416,0.5563549561875063,1.0,0.0,0.0,0.0,0.0,1.0,0.0,0.0,1.0,0.0,1.0,0.0
0.21022683523470476,-1.2348450790211236,1.3932170773755308,-1.5637302310165424,0.6927592896553647,0.24458036018719223,-0.08627870477056564,1.5870316668443178,1.3407133533189304,1.0,0.0,0.0,0.0,1.0,0.0,0.0,0.0,1.0,0.0,1.0,0.0
0.21022683523470476,-0.149674831318217,-0.6867014115356487,0.33994135456881375,0.6927592896553647,0.24458036018719223,-0.08627870477056564,-0.7605881784492106,0.23680153513396315,1.0,0.0,0.0,0.0,1.0,0.0,1.0,0.0,0.0,1.0,0.0,0.0
1.6731700176180992,-1.0617007354185306,3.0530472144279304,-1.5637302310165424,0.6927592896553647,2.190105952585313,1.3867723522878739,-1.3297081409446114,-1.7192527391937857,1.0,0.0,0.0,1.0,0.0,0.0,0.0,1.0,0.0,1.0,0.0,0.0
-0.2552550864327389,-0.08955267660566524,-0.5906422870887192,0.33994135456881375,0.6927592896553647,0.24458036018719223,-0.08627870477056564,0.4487917418535161,-0.014967826908222346,1.0,0.0,0.0,0.0,1.0,0.0,1.0,0.0,0.0,1.0,0.0,0.0
-0.9867266776244361,-1.386856058843994,-0.06402027859597703,-1.5637302310165424,-1.4435028370351872,-1.7009452322109286,-1.5593297618290052,0.30651175122966595,0.662872763205354,0.0,1.0,0.0,0.0,0.0,1.0,1.0,0.0,0.0,0.0,1.0,0.0
-0.787234425481246,-1.4706033421703215,-0.8668548492727763,-1.5637302310165424,0.6927592896553647,0.24458036018719223,-0.08627870477056564,1.4447516762204675,1.2148286722978376,1.0,0.0,0.0,0.0,0.0,1.0,0.0,0.0,1.0,1.0,0.0,0.0
1.0746932611885287,-1.1508579466733366,-1.389389235448628,-0.8022615967823999,-1.4435028370351872,0.24458036018719223,1.3867723522878739,1.0890516996608421,-0.4507224919812357,0.0,1.0,0.0,0.0,1.0,0.0,1.0,0.0,0.0,0.0,1.0,0.0
-0.7207370081001826,-1.4965869861617833,-1.1159443342082989,-1.5637302310165424,0.6927592896553647,-1.7009452322109286,-1.5593297618290052,0.6622117277892915,1.2341955463010827,1.0,0.0,1.0,0.0,0.0,0.0,1.0,0.0,0.0,1.0,0.0,0.0
-1.4522085992918798,-1.588822259858655,-2.000148136630702,-1.5637302310165424,-1.4435028370351872,0.24458036018719223,1.3867723522878739,0.8756317137250668,1.4956483453448908,1.0,0.0,0.0,0.0,0.0,1.0,0.0,1.0,0.0,0.0,0.0,1.0
-0.3217525038138023,-1.1958829379795672,-0.7082678771971604,-1.1829959138994712,0.6927592896553647,0.24458036018719223,-0.08627870477056564,0.30651175122966595,-1.496533688156468,0.0,1.0,0.0,0.0,0.0,1.0,0.0,0.0,1.0,1.0,0.0,0.0
0.941698426426402,-0.44775386521001354,0.8573553392706504,-0.8022615967823999,-1.4435028370351872,0.24458036018719223,1.3867723522878739,0.5199317371654413,0.44015371216803606,1.0,0.0,0.0,1.0,0.0,0.0,1.0,0.0,0.0,0.0,1.0,0.0
-1.2527163471486897,-1.660563767166363,-2.68789059144755,-1.5637302310165424,-1.4435028370351872,-1.7009452322109286,-1.5593297618290052,-1.8276881081280871,-1.593368058172693,0.0,1.0,0.0,0.0,0.0,1.0,1.0,0.0,0.0,0.0,0.0,1.0
-1.2527163471486897,-0.2870949956689591,-0.4508626356107135,-0.04079296254825749,-1.4435028370351872,0.24458036018719223,1.3867723522878739,0.30651175122966595,1.4278642863335331,1.0,0.0,0.0,1.0,0.0,0.0,0.0,1.0,0.0,0.0,0.0,1.0
-0.8537318428623094,-1.046430347718933,0.008087933837921788,-1.1829959138994712,-1.4435028370351872,0.24458036018719223,1.3867723522878739,0.8044917184131416,-0.5475568619974609,0.0,1.0,0.0,1.0,0.0,0.0,0.0,1.0,0.0,0.0,1.0,0.0
1.5401751828559724,0.440860109406711,0.94483045685211,-0.04079296254825749,0.6927592896553647,0.24458036018719223,-0.08627870477056564,0.5199317371654413,-0.11180219692444754,0.0,1.0,0.0,0.0,1.0,0.0,0.0,1.0,0.0,1.0,0.0,0.0
-0.18875766905167554,-0.6218442799528086,-0.5700232130579457,-0.4215272796653287,0.6927592896553647,0.24458036018719223,-0.08627870477056564,0.30651175122966595,-1.6611521171840506,0.0,1.0,0.0,1.0,0.0,0.0,1.0,0.0,0.0,0.0,1.0,0.0
-0.9867266776244361,-0.743874132093223,-0.0888866476903949,-0.8022615967823999,0.6927592896553647,0.24458036018719223,-0.08627870477056564,0.5910717324773663,1.3407133533189304,1.0,0.0,0.0,0.0,1.0,0.0,0.0,1.0,0.0,0.0,1.0,0.0
1.0081958438074654,1.148068274126121,0.7338872473238561,0.720675671685885,0.6927592896553647,0.24458036018719223,-0.08627870477056564,-1.756548112816162,1.5827992783594933,1.0,0.0,1.0,0.0,0.0,0.0,0.0,1.0,0.0,0.0,1.0,0.0
0.7422061742832118,-1.2799766698924473,-1.8019836130597757,-0.8022615967823999,-1.4435028370351872,-1.7009452322109286,-1.5593297618290052,1.5870316668443178,-0.08275188591957998,0.0,1.0,1.0,0.0,0.0,0.0,0.0,0.0,1.0,0.0,1.0,0.0
-0.05576283428954877,-0.3993843125489845,-0.6661525935134468,-0.04079296254825749,-1.4435028370351872,-1.7009452322109286,-1.5593297618290052,-0.19146821595380978,0.5757218301907514,1.0,0.0,0.0,1.0,0.0,0.0,1.0,0.0,0.0,0.0,0.0,1.0
1.3406829307127823,0.6439456058548498,0.5812918049835631,0.33994135456881375,0.6927592896553647,0.24458036018719223,-0.08627870477056564,1.5870316668443178,0.9436924362524071,0.0,1.0,0.0,0.0,1.0,0.0,1.0,0.0,0.0,1.0,0.0,0.0
-0.5212447559569925,0.7956234620368041,0.823632455156303,0.33994135456881375,-1.4435028370351872,0.24458036018719223,1.3867723522878739,-0.33374820657765997,1.0405268062686324,1.0,0.0,0.0,0.0,0.0,1.0,0.0,1.0,0.0,0.0,1.0,0.0
-0.3882499211948657,1.56949632977636,0.3122964509527659,1.4821443059200274,0.6927592896553647,-1.7009452322109286,-1.5593297618290052,1.160191694972767,1.3988139753286655,1.0,0.0,0.0,1.0,0.0,0.0,0.0,0.0,1.0,0.0,0.0,1.0
0.07723200047257799,1.5355843431310934,0.2761749273538546,1.4821443059200274,-1.4435028370351872,0.24458036018719223,1.3867723522878739,-0.6894481831372855,0.9146421252475395,0.0,1.0,0.0,0.0,0.0,1.0,0.0,0.0,1.0,1.0,0.0,0.0
-0.787234425481246,-1.4393430197067472,-1.8752201795707326,-1.1829959138994712,-1.4435028370351872,0.24458036018719223,1.3867723522878739,0.37765174654159106,-0.4023053069731231,1.0,0.0,0.0,1.0,0.0,0.0,0.0,1.0,0.0,0.0,1.0,0.0
0.14372941785364138,-0.6943319842161689,1.6957649979241385,-1.1829959138994712,0.6927592896553647,0.24458036018719223,-0.08627870477056564,-1.5431281268803867,0.062499669104757814,1.0,0.0,0.0,0.0,1.0,0.0,0.0,1.0,0.0,0.0,0.0,1.0
0.5427139221400217,1.3858519290120896,0.11668669132989651,1.4821443059200274,0.6927592896553647,0.24458036018719223,-0.08627870477056564,-0.12032822064188467,-0.9929949640720969,0.0,1.0,0.0,0.0,1.0,0.0,1.0,0.0,0.0,0.0,1.0,0.0
-0.6542395907191192,-0.06554112456842712,-0.02608203396733593,-0.04079296254825749,0.6927592896553647,0.24458036018719223,-0.08627870477056564,0.8044917184131416,0.8952752512442945,1.0,0.0,0.0,0.0,0.0,1.0,0.0,0.0,1.0,0.0,0.0,1.0
-0.9867266776244361,-1.1775744626748141,1.942235849812903,-1.5637302310165424,0.6927592896553647,0.24458036018719223,-0.08627870477056564,-1.4719881315684615,1.3407133533189304,0.0,1.0,0.0,0.0,0.0,1.0,0.0,0.0,1.0,1.0,0.0,0.0
0.010734583091514609,1.1273213337698618,0.7054746225586833,0.720675671685885,-1.4435028370351872,0.24458036018719223,1.3867723522878739,1.5158916715323927,0.7306568222167117,0.0,1.0,0.0,1.0,0.0,0.0,0.0,1.0,0.0,0.0,0.0,1.0
0.8752010090453386,0.7758092678751101,0.2240841014891531,0.720675671685885,0.6927592896553647,0.24458036018719223,-0.08627870477056564,0.8044917184131416,0.18838435012585056,0.0,1.0,1.0,0.0,0.0,0.0,1.0,0.0,0.0,0.0,1.0,0.0
1.141190678569592,1.9949751689001398,0.7654973822049693,1.4821443059200274,-1.4435028370351872,0.24458036018719223,1.3867723522878739,-1.187428150320761,0.6531893262037315,0.0,1.0,0.0,0.0,0.0,1.0,0.0,0.0,1.0,0.0,0.0,1.0
-1.4522085992918798,-0.2885207648520802,-0.4535962330351341,-0.04079296254825749,0.6927592896553647,0.24458036018719223,-0.08627870477056564,0.9467717090369918,-0.47008936598448076,1.0,0.0,0.0,0.0,0.0,1.0,0.0,1.0,0.0,1.0,0.0,0.0
-0.05576283428954877,0.3967412144037722,0.18632529861400696,0.33994135456881375,0.6927592896553647,2.190105952585313,1.3867723522878739,1.0890516996608421,0.5757218301907514,1.0,0.0,1.0,0.0,0.0,0.0,0.0,1.0,0.0,1.0,0.0,0.0
-1.319213764529753,-0.6855508450416185,0.09748338232033674,-0.8022615967823999,0.6927592896553647,-1.7009452322109286,-1.5593297618290052,-0.8317281737611357,-1.7095693021921632,0.0,1.0,1.0,0.0,0.0,0.0,1.0,0.0,0.0,1.0,0.0,0.0
-0.5877421733380558,1.4792198230880758,0.216137974574523,1.4821443059200274,0.6927592896553647,0.24458036018719223,-0.08627870477056564,1.017911704348917,1.6215330263659835,1.0,0.0,0.0,0.0,0.0,1.0,1.0,0.0,0.0,0.0,1.0,0.0
0.941698426426402,0.47249353034811103,0.30735724065318987,0.33994135456881375,0.6927592896553647,0.24458036018719223,-0.08627870477056564,-0.5471681925134353,1.7377342703854537,1.0,0.0,1.0,0.0,0.0,0.0,0.0,1.0,0.0,0.0,1.0,0.0
0.8752010090453386,-0.7926034582864415,1.224730395001196,-1.1829959138994712,0.6927592896553647,0.24458036018719223,-0.08627870477056564,0.5910717324773663,1.7667845813903214,1.0,0.0,0.0,0.0,1.0,0.0,1.0,0.0,0.0,1.0,0.0,0.0
0.8752010090453386,-0.26766722493072764,-0.4136141772480481,-0.04079296254825749,-1.4435028370351872,0.24458036018719223,1.3867723522878739,-1.2585681456326863,-0.6928084170217987,0.0,1.0,0.0,1.0,0.0,0.0,1.0,0.0,0.0,1.0,0.0,0.0
-1.4522085992918798,1.6976556569096326,0.44880600457725983,1.4821443059200274,-1.4435028370351872,-1.7009452322109286,-1.5593297618290052,0.7333517231012165,-1.6611521171840506,1.0,0.0,0.0,0.0,1.0,0.0,0.0,0.0,1.0,0.0,0.0,1.0
-1.319213764529753,-0.6993688136668216,1.6716224786150033,-1.1829959138994712,-1.4435028370351872,-1.7009452322109286,-1.5593297618290052,1.017911704348917,0.9824261842588972,0.0,1.0,0.0,0.0,1.0,0.0,1.0,0.0,0.0,0.0,0.0,1.0
-0.3882499211948657,0.04289728302260714,-1.0800818352874542,1.1014099888029563,0.6927592896553647,0.24458036018719223,-0.08627870477056564,-0.12032822064188467,0.7790740072248242,0.0,1.0,0.0,1.0,0.0,0.0,0.0,1.0,0.0,0.0,1.0,0.0
-1.119721512386563,1.1581819078643363,0.2563630877650012,1.1014099888029563,-1.4435028370351872,0.24458036018719223,1.3867723522878739,0.6622117277892915,0.604772141195619,0.0,1.0,0.0,0.0,1.0,0.0,0.0,1.0,0.0,0.0,0.0,1.0
-1.119721512386563,-1.1624772992684929,-0.5481480467527102,-1.1829959138994712,0.6927592896553647,0.24458036018719223,-0.08627870477056564,0.8044917184131416,-0.6153409210088185,1.0,0.0,0.0,0.0,1.0,0.0,1.0,0.0,0.0,0.0,0.0,1.0
1.7396674349991625,1.4500781669807286,0.606142206803306,1.1014099888029563,-1.4435028370351872,-1.7009452322109286,-1.5593297618290052,0.5910717324773663,0.682239637208599,0.0,1.0,1.0,0.0,0.0,0.0,1.0,0.0,0.0,0.0,0.0,1.0
1.6731700176180992,0.35463438619196735,0.11904984798184894,0.33994135456881375,0.6927592896553647,0.24458036018719223,-0.08627870477056564,-0.19146821595380978,1.5053317823465133,0.0,1.0,0.0,0.0,0.0,1.0,1.0,0.0,0.0,0.0,0.0,1.0
-0.3882499211948657,-0.12811506927812183,-1.2850058384709468,1.1014099888029563,-1.4435028370351872,0.24458036018719223,1.3867723522878739,-0.19146821595380978,-1.128563082094812,1.0,0.0,1.0,0.0,0.0,0.0,0.0,1.0,0.0,0.0,1.0,0.0
-0.4547473385759291,-0.2637496909135533,-1.640394793345193,1.4821443059200274,0.6927592896553647,0.24458036018719223,-0.08627870477056564,-0.4048882018895851,-1.2544477631159048,1.0,0.0,0.0,0.0,1.0,0.0,0.0,1.0,0.0,0.0,0.0,1.0
1.6731700176180992,0.149736697137244,-0.6333129277925702,0.720675671685885,0.6927592896553647,0.24458036018719223,-0.08627870477056564,0.16423176060581574,1.669950211374096,0.0,1.0,0.0,1.0,0.0,0.0,1.0,0.0,0.0,0.0,1.0,0.0
0.07723200047257799,-0.12926101460287365,0.6105012727896777,-0.4215272796653287,0.6927592896553647,0.24458036018719223,-0.08627870477056564,-0.6894481831372855,1.669950211374096,0.0,1.0,1.0,0.0,0.0,0.0,0.0,1.0,0.0,1.0,0.0,0.0
1.2076880959506555,0.918705984882514,-0.3808961669532691,1.4821443059200274,0.6927592896553647,0.24458036018719223,-0.08627870477056564,0.4487917418535161,-0.1505359449309376,0.0,1.0,1.0,0.0,0.0,0.0,0.0,0.0,1.0,1.0,0.0,0.0
0.27672425261576816,-1.3349287456979801,-1.3747419221464365,-1.1829959138994712,0.6927592896553647,-1.7009452322109286,-1.5593297618290052,0.16423176060581574,0.11091685411287042,0.0,1.0,0.0,0.0,1.0,0.0,0.0,0.0,1.0,0.0,0.0,1.0
1.2741855133317188,1.1465492303235434,0.24242365697341717,1.1014099888029563,0.6927592896553647,0.24458036018719223,-0.08627870477056564,1.2313316902846922,-0.6637581060169312,1.0,0.0,0.0,0.0,1.0,0.0,1.0,0.0,0.0,0.0,0.0,1.0
-0.3882499211948657,1.7355518023002565,0.4891712749565544,1.4821443059200274,-1.4435028370351872,0.24458036018719223,1.3867723522878739,1.3024716855966174,1.2245121092994602,1.0,0.0,1.0,0.0,0.0,0.0,1.0,0.0,0.0,0.0,1.0,0.0
1.0081958438074654,0.21828021749215695,-0.5394436010154033,0.720675671685885,0.6927592896553647,0.24458036018719223,-0.08627870477056564,1.5158916715323927,-0.847743409047759,1.0,0.0,0.0,1.0,0.0,0.0,1.0,0.0,0.0,1.0,0.0,0.0
-1.3857111819108163,-0.6454960584578571,-0.626707038155452,-0.4215272796653287,0.6927592896553647,0.24458036018719223,-0.08627870477056564,-1.4008481362565366,-0.46040592898285826,0.0,1.0,0.0,0.0,1.0,0.0,1.0,0.0,0.0,0.0,1.0,0.0
-1.319213764529753,1.7318074925763587,0.9437382952643155,1.1014099888029563,0.6927592896553647,0.24458036018719223,-0.08627870477056564,0.9467717090369918,0.43047027516641356,1.0,0.0,0.0,0.0,0.0,1.0,0.0,1.0,0.0,0.0,0.0,1.0
-1.65170085143507,1.1949587578214824,0.30043276586897816,1.1014099888029563,0.6927592896553647,0.24458036018719223,-0.08627870477056564,0.9467717090369918,-1.4674833771516003,1.0,0.0,0.0,0.0,0.0,1.0,0.0,1.0,0.0,0.0,0.0,1.0
-1.4522085992918798,-0.13642983535538997,-0.16199547600394942,-0.04079296254825749,0.6927592896553647,0.24458036018719223,-0.08627870477056564,0.16423176060581574,0.062499669104757814,0.0,1.0,0.0,0.0,1.0,0.0,0.0,1.0,0.0,1.0,0.0,0.0
-0.12226025167061215,1.526723254282723,1.9917344013065006,0.33994135456881375,0.6927592896553647,2.190105952585313,1.3867723522878739,-1.2585681456326863,0.4111034011631685,1.0,0.0,0.0,1.0,0.0,0.0,0.0,1.0,0.0,0.0,0.0,1.0
1.6731700176180992,0.5169322240463291,0.3783583887095974,0.33994135456881375,0.6927592896553647,2.190105952585313,1.3867723522878739,0.09309176529389064,-1.3609655701337526,1.0,0.0,1.0,0.0,0.0,0.0,0.0,0.0,1.0,0.0,1.0,0.0
-1.0532240950054994,1.2422756397772161,-0.03624431722738378,1.4821443059200274,0.6927592896553647,0.24458036018719223,-0.08627870477056564,-1.4719881315684615,-1.7289361761954083,1.0,0.0,0.0,0.0,0.0,1.0,0.0,1.0,0.0,1.0,0.0,0.0
1.4071803480938456,-0.49564371982812344,-0.8507087411210587,-0.04079296254825749,0.6927592896553647,0.24458036018719223,-0.08627870477056564,-0.6183081878253603,0.17870091312422806,0.0,1.0,1.0,0.0,0.0,0.0,1.0,0.0,0.0,0.0,0.0,1.0
1.3406829307127823,0.28369237562245797,-0.4498626280081883,0.720675671685885,-1.4435028370351872,0.24458036018719223,1.3867723522878739,0.23537175591774084,-0.5959740470055735,0.0,1.0,0.0,0.0,0.0,1.0,1.0,0.0,0.0,0.0,1.0,0.0
0.5427139221400217,-0.8123243778286793,-0.3076170210431777,-0.8022615967823999,0.6927592896553647,-1.7009452322109286,-1.5593297618290052,0.09309176529389064,0.39173652715992346,0.0,1.0,1.0,0.0,0.0,0.0,1.0,0.0,0.0,1.0,0.0,0.0
-0.6542395907191192,-0.9745022911723117,0.35285332862816526,-1.1829959138994712,0.6927592896553647,2.190105952585313,1.3867723522878739,0.8044917184131416,-1.6321018061791832,0.0,1.0,0.0,0.0,1.0,0.0,1.0,0.0,0.0,0.0,0.0,1.0
-0.3882499211948657,0.5788132715829185,0.4772277534993895,0.33994135456881375,-1.4435028370351872,0.24458036018719223,1.3867723522878739,-1.1162881550088362,1.6215330263659835,1.0,0.0,1.0,0.0,0.0,0.0,1.0,0.0,0.0,0.0,1.0,0.0
0.7422061742832118,1.1440841153807637,-0.14083351463421323,1.4821443059200274,0.6927592896553647,0.24458036018719223,-0.08627870477056564,1.4447516762204675,-1.6805189911872958,0.0,1.0,1.0,0.0,0.0,0.0,0.0,0.0,1.0,0.0,1.0,0.0
0.27672425261576816,-1.6956350240820182,-3.024097527011804,-1.5637302310165424,0.6927592896553647,0.24458036018719223,-0.08627870477056564,-0.19146821595380978,1.1179943022816126,0.0,1.0,0.0,0.0,0.0,1.0,0.0,0.0,1.0,1.0,0.0,0.0
-1.5852034340540067,0.10308606246334237,0.29722334365923164,-0.04079296254825749,0.6927592896553647,0.24458036018719223,-0.08627870477056564,1.5158916715323927,-0.2764206259520304,1.0,0.0,0.0,0.0,1.0,0.0,1.0,0.0,0.0,1.0,0.0,0.0
-1.5852034340540067,-0.2726107797619235,-0.88312017974207,0.33994135456881375,0.6927592896553647,0.24458036018719223,-0.08627870477056564,-0.12032822064188467,0.682239637208599,1.0,0.0,1.0,0.0,0.0,0.0,1.0,0.0,0.0,0.0,1.0,0.0
0.941698426426402,0.1020733665949572,1.1649169840673192,-0.4215272796653287,-1.4435028370351872,-1.7009452322109286,-1.5593297618290052,0.37765174654159106,-0.9639446530672293,1.0,0.0,0.0,0.0,0.0,1.0,0.0,0.0,1.0,0.0,1.0,0.0
1.0081958438074654,-0.8097793132120797,-0.29948435580853083,-0.8022615967823999,-1.4435028370351872,0.24458036018719223,1.3867723522878739,-1.045148159696911,0.13996716511773796,1.0,0.0,0.0,0.0,1.0,0.0,1.0,0.0,0.0,0.0,1.0,0.0
1.7396674349991625,0.03551526313990467,-0.3908171669515558,0.33994135456881375,0.6927592896553647,0.24458036018719223,-0.08627870477056564,1.5870316668443178,-1.496533688156468,1.0,0.0,0.0,0.0,1.0,0.0,1.0,0.0,0.0,1.0,0.0,0.0
1.2741855133317188,0.15729194131322302,-0.9430027821995397,1.1014099888029563,-1.4435028370351872,0.24458036018719223,1.3867723522878739,1.0890516996608421,-1.3609655701337526,1.0,0.0,0.0,0.0,0.0,1.0,0.0,0.0,1.0,0.0,1.0,0.0
0.6757087569021484,0.9764429743261059,0.03858542846784779,1.1014099888029563,0.6927592896553647,0.24458036018719223,-0.08627870477056564,-0.8317281737611357,-1.7192527391937857,1.0,0.0,0.0,1.0,0.0,0.0,1.0,0.0,0.0,0.0,0.0,1.0
-1.5187060166729431,0.6243579357689785,0.01667376553478323,0.720675671685885,0.6927592896553647,0.24458036018719223,-0.08627870477056564,-0.04918822532995957,0.7403402592183342,1.0,0.0,1.0,0.0,0.0,0.0,1.0,0.0,0.0,1.0,0.0,0.0
-0.7207370081001826,-0.9692122877545628,0.37820936081262757,-1.1829959138994712,0.6927592896553647,0.24458036018719223,-0.08627870477056564,1.2313316902846922,1.3310299163173078,1.0,0.0,1.0,0.0,0.0,0.0,0.0,1.0,0.0,0.0,1.0,0.0
-0.9202292602433727,1.8253219610543487,0.5847904122790964,1.4821443059200274,-1.4435028370351872,-1.7009452322109286,-1.5593297618290052,1.160191694972767,-0.9348943420623618,1.0,0.0,0.0,1.0,0.0,0.0,0.0,0.0,1.0,1.0,0.0,0.0
0.6757087569021484,1.5246845376003162,0.2645649445232416,1.4821443059200274,0.6927592896553647,0.24458036018719223,-0.08627870477056564,1.3736116809085424,-1.3609655701337526,0.0,1.0,1.0,0.0,0.0,0.0,0.0,0.0,1.0,0.0,1.0,0.0
-1.319213764529753,-0.5461985635735627,0.5427787384666094,-0.8022615967823999,0.6927592896553647,0.24458036018719223,-0.08627870477056564,1.5870316668443178,-0.1505359449309376,0.0,1.0,0.0,1.0,0.0,0.0,1.0,0.0,0.0,1.0,0.0,0.0
1.473677765474909,0.4521596633065875,2.0039333991584707,-0.4215272796653287,0.6927592896553647,0.24458036018719223,-0.08627870477056564,-0.04918822532995957,-0.1311690709276926,0.0,1.0,0.0,0.0,1.0,0.0,0.0,1.0,0.0,0.0,1.0,0.0
-0.5877421733380558,-1.486126903837015,-1.0156698492470757,-1.5637302310165424,0.6927592896553647,0.24458036018719223,-0.08627870477056564,-0.9740081643849858,-1.4481165031483552,1.0,0.0,0.0,1.0,0.0,0.0,1.0,0.0,0.0,0.0,0.0,1.0
-1.65170085143507,0.42813478632371277,0.23648383079418506,0.33994135456881375,0.6927592896553647,0.24458036018719223,-0.08627870477056564,-1.8276881081280871,-0.17958625593580518,1.0,0.0,0.0,1.0,0.0,0.0,0.0,0.0,1.0,1.0,0.0,0.0
0.6092113395210851,0.3677194828071547,0.13995633295677898,0.33994135456881375,0.6927592896553647,0.24458036018719223,-0.08627870477056564,-0.26260821126573486,0.08186654310800286,1.0,0.0,1.0,0.0,0.0,0.0,0.0,0.0,1.0,0.0,1.0,0.0
1.0081958438074654,-0.3443123122327217,-0.5605641995402653,-0.04079296254825749,0.6927592896553647,0.24458036018719223,-0.08627870477056564,1.0890516996608421,-0.5572402989990834,0.0,1.0,0.0,0.0,1.0,0.0,1.0,0.0,0.0,1.0,0.0,0.0
0.6092113395210851,1.6625843999939771,1.4385093925117927,0.720675671685885,-1.4435028370351872,0.24458036018719223,1.3867723522878739,-1.3297081409446114,0.5950887041939964,1.0,0.0,0.0,0.0,1.0,0.0,1.0,0.0,0.0,1.0,0.0,0.0
-0.12226025167061215,0.335046716106096,-0.37953362618097203,0.720675671685885,0.6927592896553647,0.24458036018719223,-0.08627870477056564,0.021951769981965533,0.885591814242672,0.0,1.0,1.0,0.0,0.0,0.0,0.0,1.0,0.0,1.0,0.0,0.0
-1.319213764529753,-0.35309345140727233,-0.577400093957959,-0.04079296254825749,-1.4435028370351872,0.24458036018719223,1.3867723522878739,0.5199317371654413,-0.2570537519487853,1.0,0.0,1.0,0.0,0.0,0.0,0.0,1.0,0.0,0.0,0.0,1.0
0.07723200047257799,0.37053104633648715,0.14444845956544478,0.33994135456881375,-1.4435028370351872,0.24458036018719223,1.3867723522878739,-1.756548112816162,-0.12148563392607006,1.0,0.0,0.0,0.0,0.0,1.0,0.0,1.0,0.0,1.0,0.0,0.0
1.5401751828559724,-0.2662547806932428,0.28218217091504877,-0.4215272796653287,0.6927592896553647,0.24458036018719223,-0.08627870477056564,-0.4048882018895851,0.7112899482134666,1.0,0.0,0.0,0.0,0.0,1.0,0.0,1.0,0.0,0.0,1.0,0.0
1.4071803480938456,0.006080458228551251,-0.8300480001068462,0.720675671685885,0.6927592896553647,2.190105952585313,1.3867723522878739,-0.8317281737611357,-0.7121752910250437,1.0,0.0,0.0,0.0,1.0,0.0,0.0,0.0,1.0,1.0,0.0,0.0
1.2076880959506555,-1.2669182231685332,1.0857512362269142,-1.5637302310165424,0.6927592896553647,0.24458036018719223,-0.08627870477056564,0.6622117277892915,0.3142690311469433,0.0,1.0,0.0,0.0,1.0,0.0,0.0,0.0,1.0,1.0,0.0,0.0
-0.12226025167061215,1.4884140355773623,0.2259312363754073,1.4821443059200274,-1.4435028370351872,-1.7009452322109286,-1.5593297618290052,0.5199317371654413,-1.3609655701337526,0.0,1.0,1.0,0.0,0.0,0.0,1.0,0.0,0.0,1.0,0.0,0.0
-1.1862189297676262,-0.29864772353593194,-0.9247202526962589,0.33994135456881375,-1.4435028370351872,-1.7009452322109286,-1.5593297618290052,1.017911704348917,-1.4190661921434877,0.0,1.0,0.0,0.0,0.0,1.0,1.0,0.0,0.0,0.0,1.0,0.0
1.6066726002370357,-0.7551870109387364,-0.12503655755539653,-0.8022615967823999,0.6927592896553647,0.24458036018719223,-0.08627870477056564,0.021951769981965533,1.4762814713416457,0.0,1.0,0.0,0.0,0.0,1.0,0.0,1.0,0.0,0.0,1.0,0.0
-0.3217525038138023,0.5192374396414691,-0.12728718293820862,0.720675671685885,0.6927592896553647,0.24458036018719223,-0.08627870477056564,-1.8276881081280871,-1.0220452750769644,0.0,1.0,0.0,1.0,0.0,0.0,0.0,1.0,0.0,0.0,0.0,1.0
0.7422061742832118,-1.2504752402529107,1.2433801718220092,-1.5637302310165424,0.6927592896553647,0.24458036018719223,-0.08627870477056564,0.4487917418535161,0.7306568222167117,1.0,0.0,0.0,1.0,0.0,0.0,1.0,0.0,0.0,0.0,1.0,0.0
-0.3882499211948657,-0.6820730342304535,-0.7143673761231456,-0.4215272796653287,-1.4435028370351872,0.24458036018719223,1.3867723522878739,-0.04918822532995957,-1.070462460085077,1.0,0.0,1.0,0.0,0.0,0.0,1.0,0.0,0.0,0.0,0.0,1.0
-1.3857111819108163,-0.4159871948122469,-0.6979849523062325,-0.04079296254825749,-1.4435028370351872,-1.7009452322109286,-1.5593297618290052,-0.9028681690730608,0.43047027516641356,0.0,1.0,0.0,0.0,1.0,0.0,0.0,1.0,0.0,0.0,1.0,0.0
0.8087035916642752,-0.44812696368783966,0.856163116094891,-0.8022615967823999,0.6927592896553647,0.24458036018719223,-0.08627870477056564,-1.5431281268803867,-1.1769802671029248,1.0,0.0,0.0,0.0,1.0,0.0,0.0,0.0,1.0,0.0,0.0,1.0
-0.05576283428954877,-1.6092227516283617,-2.195715316854438,-1.5637302310165424,0.6927592896553647,2.190105952585313,1.3867723522878739,1.3024716855966174,0.9146421252475395,1.0,0.0,0.0,0.0,1.0,0.0,0.0,1.0,0.0,1.0,0.0,0.0
0.6092113395210851,1.6956702400097718,0.44669122775359,1.4821443059200274,0.6927592896553647,0.24458036018719223,-0.08627870477056564,0.09309176529389064,-0.7024918540234213,0.0,1.0,1.0,0.0,0.0,0.0,0.0,1.0,0.0,0.0,0.0,1.0
1.4071803480938456,-0.06106394283451352,2.093009502147379,-0.8022615967823999,-1.4435028370351872,0.24458036018719223,1.3867723522878739,-0.19146821595380978,0.9824261842588972,1.0,0.0,0.0,1.0,0.0,0.0,1.0,0.0,0.0,1.0,0.0,0.0
1.141190678569592,0.539784505813179,-0.784506291347084,1.4821443059200274,0.6927592896553647,0.24458036018719223,-0.08627870477056564,0.7333517231012165,-0.3345212479617655,0.0,1.0,0.0,1.0,0.0,0.0,1.0,0.0,0.0,1.0,0.0,0.0
1.4071803480938456,0.26534392548079455,0.6083169496140887,-0.04079296254825749,-1.4435028370351872,0.24458036018719223,1.3867723522878739,0.09309176529389064,-0.6153409210088185,1.0,0.0,0.0,0.0,1.0,0.0,0.0,0.0,1.0,1.0,0.0,0.0
0.27672425261576816,-0.8883964924682979,-0.5507028107007671,-0.8022615967823999,0.6927592896553647,0.24458036018719223,-0.08627870477056564,1.2313316902846922,1.2438789833027053,0.0,1.0,1.0,0.0,0.0,0.0,1.0,0.0,0.0,0.0,1.0,0.0
-1.0532240950054994,-0.44110471733732676,-1.152328430768539,0.33994135456881375,0.6927592896553647,2.190105952585313,1.3867723522878739,-1.5431281268803867,0.3723696531566784,0.0,1.0,1.0,0.0,0.0,0.0,0.0,0.0,1.0,1.0,0.0,0.0
0.010734583091514609,-0.24722675832411076,-0.8425633020666711,0.33994135456881375,-1.4435028370351872,-1.7009452322109286,-1.5593297618290052,-0.9028681690730608,-0.1311690709276926,0.0,1.0,0.0,0.0,0.0,1.0,0.0,1.0,0.0,1.0,0.0,0.0
-1.319213764529753,-1.4976130069758051,-2.154519748192025,-1.1829959138994712,-1.4435028370351872,0.24458036018719223,1.3867723522878739,1.3024716855966174,1.408497412330288,1.0,0.0,0.0,1.0,0.0,0.0,0.0,1.0,0.0,1.0,0.0,0.0
0.3432216699968315,1.1472687773879222,0.24328588980588622,1.1014099888029563,0.6927592896553647,0.24458036018719223,-0.08627870477056564,-0.6894481831372855,0.08186654310800286,0.0,1.0,0.0,1.0,0.0,0.0,1.0,0.0,0.0,1.0,0.0,0.0
1.2076880959506555,-1.5212381355895805,-1.3522599994035382,-1.5637302310165424,0.6927592896553647,0.24458036018719223,-0.08627870477056564,-1.045148159696911,0.9049586882459171,1.0,0.0,1.0,0.0,0.0,0.0,0.0,1.0,0.0,0.0,1.0,0.0
-0.9867266776244361,-0.015492628757180238,0.8831584551460231,-0.4215272796653287,0.6927592896553647,0.24458036018719223,-0.08627870477056564,0.09309176529389064,-0.47008936598448076,1.0,0.0,1.0,0.0,0.0,0.0,0.0,0.0,1.0,0.0,0.0,1.0
-0.3882499211948657,-1.1395450678278232,2.306800665200586,-1.5637302310165424,-1.4435028370351872,-1.7009452322109286,-1.5593297618290052,0.09309176529389064,1.1760949242913477,1.0,0.0,1.0,0.0,0.0,0.0,0.0,0.0,1.0,0.0,0.0,1.0
1.3406829307127823,-0.9549146210864403,0.4467409037192471,-1.1829959138994712,-1.4435028370351872,0.24458036018719223,1.3867723522878739,0.4487917418535161,0.3142690311469433,0.0,1.0,0.0,1.0,0.0,0.0,0.0,0.0,1.0,0.0,0.0,1.0
-1.0532240950054994,-1.0500014331495544,3.1652013517476174,-1.5637302310165424,0.6927592896553647,0.24458036018719223,-0.08627870477056564,0.09309176529389064,1.350396790320553,0.0,1.0,0.0,0.0,0.0,1.0,0.0,0.0,1.0,1.0,0.0,0.0
-0.5877421733380558,-1.3320105826035544,0.46175014191408,-1.5637302310165424,0.6927592896553647,0.24458036018719223,-0.08627870477056564,1.5158916715323927,-1.31254838512564,0.0,1.0,1.0,0.0,0.0,0.0,0.0,0.0,1.0,0.0,1.0,0.0
1.2076880959506555,-0.9447610125113153,0.49540915692972615,-1.1829959138994712,-1.4435028370351872,0.24458036018719223,1.3867723522878739,-0.9740081643849858,1.10831086527999,1.0,0.0,0.0,0.0,0.0,1.0,0.0,0.0,1.0,0.0,0.0,1.0
0.7422061742832118,0.23632219388417713,0.552674190825415,-0.04079296254825749,0.6927592896553647,0.24458036018719223,-0.08627870477056564,-1.045148159696911,0.2755352831404532,0.0,1.0,0.0,1.0,0.0,0.0,1.0,0.0,0.0,1.0,0.0,0.0
1.6731700176180992,-0.9763944334527156,0.3437839166125644,-1.1829959138994712,-1.4435028370351872,-1.7009452322109286,-1.5593297618290052,1.4447516762204675,1.2535624203043276,0.0,1.0,1.0,0.0,0.0,0.0,0.0,1.0,0.0,1.0,0.0,0.0
-1.65170085143507,-0.6714397276124091,-0.6888836057412806,-0.4215272796653287,0.6927592896553647,0.24458036018719223,-0.08627870477056564,-0.12032822064188467,1.205145235296215,1.0,0.0,0.0,0.0,1.0,0.0,1.0,0.0,0.0,1.0,0.0,0.0
0.8752010090453386,0.5637427580678707,-0.06633781446314267,0.720675671685885,0.6927592896553647,0.24458036018719223,-0.08627870477056564,-0.5471681925134353,-1.5836846211710705,0.0,1.0,0.0,1.0,0.0,0.0,1.0,0.0,0.0,0.0,1.0,0.0
0.010734583091514609,-0.6931860388914173,0.07308538661639587,-0.8022615967823999,-1.4435028370351872,0.24458036018719223,1.3867723522878739,0.021951769981965533,1.350396790320553,1.0,0.0,0.0,1.0,0.0,0.0,0.0,1.0,0.0,1.0,0.0,0.0
-1.4522085992918798,0.9547366378840078,0.012574738021696176,1.1014099888029563,0.6927592896553647,0.24458036018719223,-0.08627870477056564,1.017911704348917,-1.1091962080915672,0.0,1.0,1.0,0.0,0.0,0.0,0.0,0.0,1.0,0.0,0.0,1.0
-1.1862189297676262,0.5893399786358698,-0.0312828034330225,0.720675671685885,0.6927592896553647,0.24458036018719223,-0.08627870477056564,0.16423176060581574,-0.1892696929374277,0.0,1.0,0.0,1.0,0.0,0.0,1.0,0.0,0.0,0.0,1.0,0.0
-0.4547473385759291,-0.4712590693130593,0.7822452791977853,-0.8022615967823999,-1.4435028370351872,0.24458036018719223,1.3867723522878739,-0.26260821126573486,0.7306568222167117,0.0,1.0,0.0,1.0,0.0,0.0,1.0,0.0,0.0,0.0,1.0,0.0
1.2076880959506555,-0.20381408543991447,-0.7732014608769335,0.33994135456881375,0.6927592896553647,0.24458036018719223,-0.08627870477056564,0.021951769981965533,0.24648497213558568,1.0,0.0,0.0,0.0,0.0,1.0,1.0,0.0,0.0,0.0,0.0,1.0
0.6757087569021484,-0.5266508683246013,-0.9101580981923366,-0.04079296254825749,0.6927592896553647,0.24458036018719223,-0.08627870477056564,-0.9028681690730608,1.3988139753286655,0.0,1.0,0.0,0.0,0.0,1.0,0.0,1.0,0.0,0.0,1.0,0.0
0.8087035916642752,-1.1127885769894357,2.5632989655854725,-1.5637302310165424,0.6927592896553647,-1.7009452322109286,-1.5593297618290052,0.021951769981965533,-0.10211875992282503,1.0,0.0,0.0,1.0,0.0,0.0,1.0,0.0,0.0,0.0,1.0,0.0
0.010734583091514609,1.0616160268355541,1.248617437915525,0.33994135456881375,0.6927592896553647,0.24458036018719223,-0.08627870477056564,-0.12032822064188467,-0.344204684963388,1.0,0.0,0.0,0.0,0.0,1.0,0.0,0.0,1.0,1.0,0.0,0.0
-1.5852034340540067,-0.01025592512197813,0.8957087330408507,-0.4215272796653287,-1.4435028370351872,0.24458036018719223,1.3867723522878739,1.0890516996608421,0.17870091312422806,1.0,0.0,0.0,0.0,1.0,0.0,0.0,1.0,0.0,1.0,0.0,0.0
-1.4522085992918798,-0.672652297665344,-0.6917896497321949,-0.4215272796653287,0.6927592896553647,0.24458036018719223,-0.08627870477056564,1.3024716855966174,-0.6540746690153086,0.0,1.0,1.0,0.0,0.0,0.0,1.0,0.0,0.0,0.0,1.0,0.0
0.6757087569021484,-0.5464917123775689,0.5418419916856555,-0.8022615967823999,-1.4435028370351872,0.24458036018719223,1.3867723522878739,1.4447516762204675,-1.4093827551418652,1.0,0.0,0.0,1.0,0.0,0.0,0.0,1.0,0.0,0.0,1.0,0.0
-0.9867266776244361,-0.19945682821673089,-0.2828358107470283,-0.04079296254825749,-1.4435028370351872,0.24458036018719223,1.3867723522878739,-0.7605881784492106,-1.5062171251580905,1.0,0.0,0.0,0.0,0.0,1.0,1.0,0.0,0.0,0.0,1.0,0.0
1.0081958438074654,-0.32617706122124507,-1.2850697075696487,0.720675671685885,0.6927592896553647,0.24458036018719223,-0.08627870477056564,0.8756317137250668,-0.7218587280266663,1.0,0.0,0.0,1.0,0.0,0.0,0.0,1.0,0.0,0.0,1.0,0.0
0.8752010090453386,-0.24722675832411076,0.32778470738785975,-0.4215272796653287,-1.4435028370351872,-1.7009452322109286,-1.5593297618290052,0.6622117277892915,1.2922961683108178,0.0,1.0,0.0,1.0,0.0,0.0,0.0,0.0,1.0,0.0,0.0,1.0
0.3432216699968315,-0.2808056213284616,-1.222934198690128,0.720675671685885,0.6927592896553647,-1.7009452322109286,-1.5593297618290052,1.017911704348917,0.8081243182296918,1.0,0.0,0.0,0.0,1.0,0.0,1.0,0.0,0.0,0.0,1.0,0.0
-0.12226025167061215,-0.42973853870926665,0.9149226869001934,-0.8022615967823999,-1.4435028370351872,-1.7009452322109286,-1.5593297618290052,-1.3297081409446114,0.682239637208599,1.0,0.0,0.0,0.0,1.0,0.0,0.0,1.0,0.0,0.0,0.0,1.0
-0.3217525038138023,1.5973454661569526,1.3491656475854685,0.720675671685885,0.6927592896553647,2.190105952585313,1.3867723522878739,1.017911704348917,0.062499669104757814,1.0,0.0,0.0,0.0,0.0,1.0,0.0,0.0,1.0,0.0,1.0,0.0
-0.5212447559569925,-1.1625172741054028,2.0865800128781036,-1.5637302310165424,-1.4435028370351872,0.24458036018719223,1.3867723522878739,0.5910717324773663,0.13996716511773796,0.0,1.0,0.0,0.0,1.0,0.0,0.0,0.0,1.0,1.0,0.0,0.0
-0.8537318428623094,0.979121288399072,-0.31654450172833115,1.4821443059200274,0.6927592896553647,2.190105952585313,1.3867723522878739,1.017911704348917,1.0792605542751224,1.0,0.0,0.0,0.0,1.0,0.0,0.0,0.0,1.0,0.0,1.0,0.0
-0.6542395907191192,-1.4133194008783754,-1.7504838298068672,-1.1829959138994712,0.6927592896553647,2.190105952585313,1.3867723522878739,-1.2585681456326863,-0.3345212479617655,0.0,1.0,0.0,0.0,1.0,0.0,0.0,0.0,1.0,0.0,0.0,1.0
-1.5187060166729431,0.20278330571673647,-1.1434648191820866,1.4821443059200274,-1.4435028370351872,0.24458036018719223,1.3867723522878739,-0.5471681925134353,1.311663042314063,0.0,1.0,1.0,0.0,0.0,0.0,1.0,0.0,0.0,1.0,0.0,0.0
-0.7207370081001826,0.3534751159215789,-0.9829546775789061,1.4821443059200274,0.6927592896553647,0.24458036018719223,-0.08627870477056564,-0.4048882018895851,-0.053701574914712426,1.0,0.0,0.0,0.0,0.0,1.0,0.0,0.0,1.0,1.0,0.0,0.0
-0.7207370081001826,-1.3119298895291271,0.6542516054001478,-1.5637302310165424,-1.4435028370351872,-1.7009452322109286,-1.5593297618290052,1.5870316668443178,-0.5766071730023284,1.0,0.0,0.0,0.0,0.0,1.0,0.0,1.0,0.0,0.0,1.0,0.0
1.3406829307127823,-0.20593275179614126,-0.7765865231081085,0.33994135456881375,0.6927592896553647,2.190105952585313,1.3867723522878739,1.4447516762204675,0.2755352831404532,0.0,1.0,1.0,0.0,0.0,0.0,0.0,0.0,1.0,1.0,0.0,0.0
0.07723200047257799,0.9331369010070028,1.8886624498221551,-0.04079296254825749,-1.4435028370351872,-1.7009452322109286,-1.5593297618290052,1.3736116809085424,1.127677739283235,1.0,0.0,0.0,1.0,0.0,0.0,0.0,0.0,1.0,1.0,0.0,0.0
-0.18875766905167554,1.083002564582373,0.6447807304784235,0.720675671685885,0.6927592896553647,0.24458036018719223,-0.08627870477056564,-1.6142681221923119,0.47888746017452616,1.0,0.0,0.0,0.0,1.0,0.0,0.0,0.0,1.0,1.0,0.0,0.0
-1.2527163471486897,0.10180686768222419,0.2947707702690972,-0.04079296254825749,0.6927592896553647,0.24458036018719223,-0.08627870477056564,-1.187428150320761,1.6893170853773412,1.0,0.0,0.0,1.0,0.0,0.0,0.0,0.0,1.0,1.0,0.0,0.0
-0.05576283428954877,-0.12398433613076135,-0.1381339807291001,-0.04079296254825749,0.6927592896553647,0.24458036018719223,-0.08627870477056564,-0.04918822532995957,1.6021661523627384,0.0,1.0,0.0,1.0,0.0,0.0,0.0,0.0,1.0,0.0,1.0,0.0
-1.319213764529753,-1.1748028739823915,1.968805394872692,-1.5637302310165424,-1.4435028370351872,-1.7009452322109286,-1.5593297618290052,-1.2585681456326863,-0.7024918540234213,0.0,1.0,0.0,0.0,0.0,1.0,1.0,0.0,0.0,1.0,0.0,0.0
0.6757087569021484,0.25505706744930323,0.5885941719350923,-0.04079296254825749,0.6927592896553647,0.24458036018719223,-0.08627870477056564,0.23537175591774084,0.17870091312422806,0.0,1.0,0.0,0.0,1.0,0.0,1.0,0.0,0.0,1.0,0.0,0.0
-0.18875766905167554,2.032444916030392,1.3039919464896532,1.1014099888029563,0.6927592896553647,0.24458036018719223,-0.08627870477056564,0.8044917184131416,-1.612734932175938,0.0,1.0,0.0,1.0,0.0,0.0,1.0,0.0,0.0,0.0,1.0,0.0
-0.05576283428954877,0.3657873656898408,-0.6931628353542756,1.1014099888029563,0.6927592896553647,0.24458036018719223,-0.08627870477056564,-0.8317281737611357,-1.6321018061791832,1.0,0.0,0.0,1.0,0.0,0.0,1.0,0.0,0.0,0.0,1.0,0.0
0.47621650475895827,-0.7049652908342132,-0.7692309319076618,-0.4215272796653287,0.6927592896553647,-1.7009452322109286,-1.5593297618290052,-1.6142681221923119,-1.6417852431808058,1.0,0.0,0.0,1.0,0.0,0.0,0.0,0.0,1.0,0.0,0.0,1.0
-1.4522085992918798,1.306235378833123,0.4337754766828598,1.1014099888029563,0.6927592896553647,0.24458036018719223,-0.08627870477056564,0.7333517231012165,0.033449358099890254,1.0,0.0,1.0,0.0,0.0,0.0,0.0,1.0,0.0,1.0,0.0,0.0
0.27672425261576816,1.1743850417584991,-0.1085583300904313,1.4821443059200274,0.6927592896553647,0.24458036018719223,-0.08627870477056564,-0.33374820657765997,-1.5449508731645805,1.0,0.0,0.0,1.0,0.0,0.0,0.0,0.0,1.0,0.0,0.0,1.0
0.5427139221400217,0.4867378972336869,-0.8410091539982699,1.4821443059200274,0.6927592896553647,2.190105952585313,1.3867723522878739,-1.6854081175042368,0.42078683816479107,1.0,0.0,1.0,0.0,0.0,0.0,1.0,0.0,0.0,0.0,1.0,0.0
-0.12226025167061215,0.8090816571298176,0.2696501413341349,0.720675671685885,0.6927592896553647,0.24458036018719223,-0.08627870477056564,-0.5471681925134353,-0.6928084170217987,0.0,1.0,0.0,1.0,0.0,0.0,1.0,0.0,0.0,1.0,0.0,0.0
-1.4522085992918798,0.23477650019032625,-0.5168521883890165,0.720675671685885,-1.4435028370351872,-1.7009452322109286,-1.5593297618290052,-1.1162881550088362,1.127677739283235,1.0,0.0,0.0,0.0,1.0,0.0,1.0,0.0,0.0,1.0,0.0,0.0
0.4097190873778949,-0.7240199630946188,-0.025443342980321623,-0.8022615967823999,0.6927592896553647,0.24458036018719223,-0.08627870477056564,-0.4760281972015102,0.5757218301907514,1.0,0.0,0.0,1.0,0.0,0.0,1.0,0.0,0.0,0.0,0.0,1.0
1.7396674349991625,-0.24088408420106672,0.34298555287879673,-0.4215272796653287,-1.4435028370351872,0.24458036018719223,1.3867723522878739,-1.2585681456326863,-1.6030514951743156,0.0,1.0,1.0,0.0,0.0,0.0,0.0,1.0,0.0,0.0,0.0,1.0
-0.3217525038138023,-0.2629901690122645,0.29000613550597165,-0.4215272796653287,-1.4435028370351872,0.24458036018719223,1.3867723522878739,0.4487917418535161,-0.1311690709276926,0.0,1.0,0.0,0.0,1.0,0.0,0.0,1.0,0.0,0.0,0.0,1.0
1.6731700176180992,0.5096701286743567,1.0767584671297545,-0.04079296254825749,0.6927592896553647,0.24458036018719223,-0.08627870477056564,1.017911704348917,-0.7412256020299113,0.0,1.0,0.0,0.0,1.0,0.0,0.0,0.0,1.0,1.0,0.0,0.0
0.3432216699968315,1.3333116683667896,0.060723167734410784,1.4821443059200274,0.6927592896553647,0.24458036018719223,-0.08627870477056564,-0.6894481831372855,0.604772141195619,1.0,0.0,0.0,1.0,0.0,0.0,1.0,0.0,0.0,1.0,0.0,0.0
0.7422061742832118,-1.4094285167524743,-0.2804087849963745,-1.5637302310165424,0.6927592896553647,0.24458036018719223,-0.08627870477056564,0.8044917184131416,1.5150152193481357,1.0,0.0,0.0,0.0,1.0,0.0,0.0,1.0,0.0,1.0,0.0,0.0
1.4071803480938456,-1.0871114067476166,-0.18690442449750153,-1.1829959138994712,0.6927592896553647,0.24458036018719223,-0.08627870477056564,-1.5431281268803867,-0.3926218699715006,0.0,1.0,0.0,1.0,0.0,0.0,1.0,0.0,0.0,1.0,0.0,0.0
1.0746932611885287,1.0765266410029624,0.6359120499158837,0.720675671685885,-1.4435028370351872,0.24458036018719223,1.3867723522878739,0.23537175591774084,1.2729292943075727,1.0,0.0,0.0,0.0,0.0,1.0,0.0,0.0,1.0,0.0,0.0,1.0
0.6092113395210851,-1.4048180855621943,-0.2362113686949945,-1.5637302310165424,0.6927592896553647,0.24458036018719223,-0.08627870477056564,-0.26260821126573486,0.6531893262037315,0.0,1.0,0.0,0.0,1.0,0.0,0.0,1.0,0.0,0.0,1.0,0.0
-0.4547473385759291,2.507612477433229,1.3115355967029427,1.4821443059200274,-1.4435028370351872,0.24458036018719223,1.3867723522878739,-1.6854081175042368,-0.5281899879942159,1.0,0.0,0.0,1.0,0.0,0.0,0.0,0.0,1.0,0.0,1.0,0.0
-0.787234425481246,-0.9503708146243437,-0.748739596074291,-0.8022615967823999,-1.4435028370351872,0.24458036018719223,1.3867723522878739,1.3024716855966174,-0.8380599720461365,0.0,1.0,0.0,0.0,1.0,0.0,0.0,0.0,1.0,1.0,0.0,0.0
0.21022683523470476,0.3896923181619859,0.8467275212467349,-0.04079296254825749,0.6927592896553647,0.24458036018719223,-0.08627870477056564,-1.4719881315684615,-1.496533688156468,0.0,1.0,0.0,0.0,0.0,1.0,1.0,0.0,0.0,0.0,0.0,1.0
-0.4547473385759291,-0.8763773915040421,0.8231853714653927,-1.1829959138994712,0.6927592896553647,0.24458036018719223,-0.08627870477056564,-0.33374820657765997,-0.9833115270704743,0.0,1.0,0.0,0.0,0.0,1.0,0.0,1.0,0.0,1.0,0.0,0.0
-1.119721512386563,1.5253241349908746,0.6963094068950297,1.1014099888029563,0.6927592896553647,0.24458036018719223,-0.08627870477056564,0.7333517231012165,-1.496533688156468,0.0,1.0,0.0,0.0,1.0,0.0,0.0,0.0,1.0,0.0,0.0,1.0
-1.3857111819108163,-0.49936137966074795,0.6924453264235947,-0.8022615967823999,0.6927592896553647,2.190105952585313,1.3867723522878739,0.5199317371654413,-0.04401813791308991,1.0,0.0,0.0,0.0,0.0,1.0,0.0,0.0,1.0,0.0,0.0,1.0
0.14372941785364138,2.0015576920446434,0.7725087899290802,1.4821443059200274,-1.4435028370351872,0.24458036018719223,1.3867723522878739,0.021951769981965533,-1.1188796450931895,0.0,1.0,0.0,1.0,0.0,0.0,0.0,1.0,0.0,1.0,0.0,0.0
0.47621650475895827,1.502645077517302,1.219474880593765,0.720675671685885,0.6927592896553647,0.24458036018719223,-0.08627870477056564,0.021951769981965533,0.2077512241290956,0.0,1.0,0.0,1.0,0.0,0.0,0.0,1.0,0.0,1.0,0.0,0.0
-1.1862189297676262,-0.22196266139702772,0.38833261295680227,-0.4215272796653287,0.6927592896553647,2.190105952585313,1.3867723522878739,-0.9028681690730608,-0.22800344094391778,1.0,0.0,1.0,0.0,0.0,0.0,0.0,1.0,0.0,0.0,1.0,0.0
-0.18875766905167554,-1.2602957251871196,-1.0170111003198057,-1.1829959138994712,0.6927592896553647,0.24458036018719223,-0.08627870477056564,0.4487917418535161,-1.6902024281889183,1.0,0.0,0.0,1.0,0.0,0.0,0.0,1.0,0.0,0.0,0.0,1.0
-1.4522085992918798,-0.3786906719752715,-0.6264771094001272,-0.04079296254825749,-1.4435028370351872,-1.7009452322109286,-1.5593297618290052,-0.12032822064188467,-0.6928084170217987,1.0,0.0,0.0,0.0,0.0,1.0,0.0,1.0,0.0,1.0,0.0,0.0
0.8087035916642752,0.1309751736808449,0.3506945530920576,-0.04079296254825749,0.6927592896553647,0.24458036018719223,-0.08627870477056564,-0.04918822532995957,-0.4410390549796132,1.0,0.0,0.0,1.0,0.0,0.0,0.0,1.0,0.0,0.0,1.0,0.0
-0.8537318428623094,-1.0888569746260175,-1.1912672912768356,-0.8022615967823999,0.6927592896553647,-1.7009452322109286,-1.5593297618290052,-0.4760281972015102,0.3142690311469433,0.0,1.0,0.0,1.0,0.0,0.0,1.0,0.0,0.0,0.0,0.0,1.0
0.27672425261576816,0.6853995117304593,-0.31017178499123416,1.1014099888029563,-1.4435028370351872,0.24458036018719223,1.3867723522878739,-1.2585681456326863,0.5369880821842613,1.0,0.0,0.0,0.0,0.0,1.0,1.0,0.0,0.0,1.0,0.0,0.0
-1.119721512386563,0.11799667663075059,-0.6767804115373623,0.720675671685885,0.6927592896553647,-1.7009452322109286,-1.5593297618290052,1.017911704348917,1.3019796053124404,1.0,0.0,1.0,0.0,0.0,0.0,0.0,0.0,1.0,0.0,1.0,0.0
1.4071803480938456,0.03229062629583627,-1.3250659564897795,1.4821443059200274,-1.4435028370351872,0.24458036018719223,1.3867723522878739,1.3024716855966174,1.7280508333838311,0.0,1.0,0.0,1.0,0.0,0.0,0.0,1.0,0.0,0.0,1.0,0.0
0.3432216699968315,-1.2536998770969792,-0.9853958964626045,-1.1829959138994712,-1.4435028370351872,0.24458036018719223,1.3867723522878739,-0.33374820657765997,1.631216463367606,0.0,1.0,0.0,1.0,0.0,0.0,0.0,1.0,0.0,0.0,1.0,0.0
1.6731700176180992,-0.02152882913058166,0.8686921042901516,-0.4215272796653287,0.6927592896553647,0.24458036018719223,-0.08627870477056564,0.8044917184131416,-0.7121752910250437,1.0,0.0,0.0,0.0,1.0,0.0,0.0,0.0,1.0,0.0,1.0,0.0
-1.5852034340540067,1.0447333207139229,-0.24665751461593702,1.4821443059200274,-1.4435028370351872,-1.7009452322109286,-1.5593297618290052,-1.3297081409446114,-0.8961605940558717,0.0,1.0,0.0,0.0,0.0,1.0,1.0,0.0,0.0,0.0,1.0,0.0
1.5401751828559724,-1.1101902125902896,-1.2594369092908138,-0.8022615967823999,0.6927592896553647,0.24458036018719223,-0.08627870477056564,-1.3297081409446114,-1.2738146371191499,0.0,1.0,0.0,0.0,1.0,0.0,0.0,0.0,1.0,1.0,0.0,0.0
-1.1862189297676262,1.1293600504522685,0.7082666145876307,0.720675671685885,-1.4435028370351872,0.24458036018719223,1.3867723522878739,1.0890516996608421,1.408497412330288,0.0,1.0,0.0,1.0,0.0,0.0,0.0,1.0,0.0,0.0,1.0,0.0
0.8087035916642752,-1.639190554365181,-2.4829985228134075,-1.5637302310165424,0.6927592896553647,0.24458036018719223,-0.08627870477056564,-0.12032822064188467,0.2658518461388307,0.0,1.0,0.0,0.0,1.0,0.0,0.0,1.0,0.0,0.0,0.0,1.0
-0.8537318428623094,-1.3360880159683686,0.42266225350881337,-1.5637302310165424,-1.4435028370351872,0.24458036018719223,1.3867723522878739,0.021951769981965533,-1.2834980741207724,0.0,1.0,0.0,1.0,0.0,0.0,0.0,1.0,0.0,1.0,0.0,0.0
-0.9202292602433727,1.7213074354146813,0.9311560828201371,1.1014099888029563,-1.4435028370351872,-1.7009452322109286,-1.5593297618290052,-1.8276881081280871,-0.3926218699715006,0.0,1.0,0.0,1.0,0.0,0.0,0.0,1.0,0.0,0.0,1.0,0.0
-0.05576283428954877,1.6460747923501715,0.8410048500030883,1.1014099888029563,0.6927592896553647,0.24458036018719223,-0.08627870477056564,-1.5431281268803867,0.47888746017452616,0.0,1.0,1.0,0.0,0.0,0.0,0.0,1.0,0.0,0.0,0.0,1.0
1.4071803480938456,0.30232064962249067,0.6792116491726613,-0.04079296254825749,0.6927592896553647,0.24458036018719223,-0.08627870477056564,1.160191694972767,0.866224940239427,0.0,1.0,0.0,0.0,0.0,1.0,0.0,1.0,0.0,0.0,1.0,0.0
-0.9202292602433727,-1.352011326004162,0.2700151076124285,-1.5637302310165424,0.6927592896553647,0.24458036018719223,-0.08627870477056564,0.5199317371654413,0.5273046451826388,0.0,1.0,0.0,0.0,0.0,1.0,0.0,1.0,0.0,0.0,0.0,1.0
1.2076880959506555,-1.1805859003886963,1.9133670171998631,-1.5637302310165424,0.6927592896553647,0.24458036018719223,-0.08627870477056564,-0.7605881784492106,1.669950211374096,0.0,1.0,1.0,0.0,0.0,0.0,0.0,1.0,0.0,0.0,1.0,0.0
1.6066726002370357,-0.9352603262723859,0.5409478243038357,-1.1829959138994712,0.6927592896553647,0.24458036018719223,-0.08627870477056564,1.3024716855966174,0.9340089992507846,1.0,0.0,1.0,0.0,0.0,0.0,1.0,0.0,0.0,0.0,1.0,0.0
0.941698426426402,1.3831203151565767,0.1137770990557204,1.4821443059200274,0.6927592896553647,0.24458036018719223,-0.08627870477056564,-1.187428150320761,0.5369880821842613,1.0,0.0,1.0,0.0,0.0,0.0,1.0,0.0,0.0,0.0,1.0,0.0
-0.3882499211948657,-1.613553358960272,-2.2372302310103587,-1.5637302310165424,0.6927592896553647,0.24458036018719223,-0.08627870477056564,-0.4048882018895851,0.6435058892021089,0.0,1.0,1.0,0.0,0.0,0.0,1.0,0.0,0.0,0.0,0.0,1.0
0.07723200047257799,-1.349812709974115,0.2910919101838962,-1.5637302310165424,0.6927592896553647,0.24458036018719223,-0.08627870477056564,-1.187428150320761,-0.8767937200526266,1.0,0.0,0.0,1.0,0.0,0.0,0.0,1.0,0.0,0.0,0.0,1.0
-1.3857111819108163,-1.1175189326904456,-1.7579565143549327,-0.4215272796653287,-1.4435028370351872,0.24458036018719223,1.3867723522878739,0.23537175591774084,1.3600802273221755,0.0,1.0,1.0,0.0,0.0,0.0,0.0,1.0,0.0,0.0,1.0,0.0
-0.6542395907191192,0.8587837043545117,0.92454563110454,0.33994135456881375,-1.4435028370351872,0.24458036018719223,1.3867723522878739,1.5870316668443178,-1.3028649481240175,1.0,0.0,0.0,1.0,0.0,0.0,0.0,0.0,1.0,0.0,0.0,1.0
1.2076880959506555,0.11248014913717884,-0.2678478622517625,0.33994135456881375,-1.4435028370351872,0.24458036018719223,1.3867723522878739,0.8044917184131416,-1.0607790230834544,0.0,1.0,0.0,1.0,0.0,0.0,0.0,1.0,0.0,0.0,1.0,0.0
0.941698426426402,-1.5327908634565535,-1.4630090165517937,-1.5637302310165424,0.6927592896553647,0.24458036018719223,-0.08627870477056564,-0.19146821595380978,-0.2570537519487853,1.0,0.0,0.0,1.0,0.0,0.0,1.0,0.0,0.0,0.0,1.0,0.0
-0.4547473385759291,0.4099062606927797,0.8854832903387548,-0.04079296254825749,0.6927592896553647,-1.7009452322109286,-1.5593297618290052,0.4487917418535161,1.0695771172734998,0.0,1.0,0.0,0.0,0.0,1.0,0.0,0.0,1.0,0.0,0.0,1.0
